lot_number,conditioning_count,conditioning_surface,current_wafer,next_wafer,prediction_horizon_wafers,pre_alarm_eligible,current_mean_si_etch,next_actual_mean_si_etch,CL,LCL,UCL,current_spc_alarm,current_spc_status,predicted_risk,ai_warning,next_spc_violation,next_actual_status,next_first_spc_alarm,successful_first_alarm_one_step_warning,system_status,warning_result,engineer_action,top1_process,top1_value,top1_shap,top2_process,top2_value,top2_shap,top3_process,top3_value,top3_shap,process_explanation
1,3,Chuck,3,4,1,1,44.149623595505616,43.90529550561798,44.15916704119851,43.62672794196607,44.69160614043095,0,NORMAL,0.5659177899360657,False,0,NORMAL,0,False,NORMAL,CORRECT NORMAL,CONTINUE MONITORING,PlatenRFReflectedPower_std,7.697233407552694,0.4910740554332733,HeliumBPFlow_mean,1.6764453597892277,0.4901910126209259,Heater2Temp_mean,54.417831722831664,0.3253577351570129,"PlatenRFReflectedPower_std (value=7.6972, SHAP=+0.491) | HeliumBPFlow_mean (value=1.6764, SHAP=+0.490) | Heater2Temp_mean (value=54.4178, SHAP=+0.325)"
1,3,Chuck,4,5,1,1,43.90529550561798,43.42659101123596,44.15916704119851,43.62672794196607,44.69160614043095,0,NORMAL,0.713219940662384,True,1,SPC VIOLATION,1,True,EARLY WARNING,TRUE EARLY WARNING,ENGINEER REVIEW REQUIRED,PlatenRFReflectedPower_std,7.675505811409587,0.5743451118469238,HeliumBPFlow_mean,1.615242167265554,0.5020953416824341,Heater2Temp_mean,54.43224515994218,0.2971607446670532,"PlatenRFReflectedPower_std (value=7.6755, SHAP=+0.574) | HeliumBPFlow_mean (value=1.6152, SHAP=+0.502) | Heater2Temp_mean (value=54.4322, SHAP=+0.297)"
1,3,Chuck,5,6,1,0,43.42659101123596,43.584064044943815,44.15916704119851,43.62672794196607,44.69160614043095,1,ALARM,0.8976715803146362,True,1,SPC VIOLATION,0,False,SPC ALARM,POST-FIRST-SPC,ENGINEER ACTION REQUIRED,HeliumBPFlow_mean,1.6145042939040428,0.4977791011333465,Heater2Temp_mean,54.412735260639,0.3134918212890625,Gas7Flow_min,1.940000057220459,0.1537581086158752,"HeliumBPFlow_mean (value=1.6145, SHAP=+0.498) | Heater2Temp_mean (value=54.4127, SHAP=+0.313) | Gas7Flow_min (value=1.9400, SHAP=+0.154)"
1,3,Chuck,8,9,1,0,43.09692808988764,43.339929213483146,44.15916704119851,43.62672794196607,44.69160614043095,1,ALARM,0.97034752368927,True,1,SPC VIOLATION,0,False,SPC ALARM,POST-FIRST-SPC,ENGINEER ACTION REQUIRED,HeliumBPFlow_mean,1.6182242562783131,0.5189093947410583,HeliumBPPressure_min,0.0097659230232238,0.3274685144424438,PlatenRFReflectedPower_std,7.778438055248354,0.2827572226524353,"HeliumBPFlow_mean (value=1.6182, SHAP=+0.519) | HeliumBPPressure_min (value=0.0098, SHAP=+0.327) | PlatenRFReflectedPower_std (value=7.7784, SHAP=+0.283)"
1,3,Chuck,9,10,1,0,43.339929213483146,43.28435730337079,44.15916704119851,43.62672794196607,44.69160614043095,1,ALARM,0.9627565741539,True,1,SPC VIOLATION,0,False,SPC ALARM,POST-FIRST-SPC,ENGINEER ACTION REQUIRED,HeliumBPFlow_mean,1.58673647472558,0.4980902075767517,PlatenRFReflectedPower_std,7.487761861836691,0.4280755221843719,HeliumBPPressure_min,0.0054933317005634,0.2527673244476318,"HeliumBPFlow_mean (value=1.5867, SHAP=+0.498) | PlatenRFReflectedPower_std (value=7.4878, SHAP=+0.428) | HeliumBPPressure_min (value=0.0055, SHAP=+0.253)"
2,1,Chuck,3,4,1,1,43.95148597898877,43.42695056179775,44.12283540123596,43.59039630200352,44.6552745004684,0,NORMAL,0.3683985769748688,False,1,SPC VIOLATION,1,False,NORMAL,MISSED EARLY WARNING,CONTINUE MONITORING,HeliumBPFlow_mean,1.449203053170951,0.291083961725235,Heater2Temp_mean,54.02975041630601,0.2078614830970764,Gas7Flow_mean,2.045220163039585,0.1545229107141494,"HeliumBPFlow_mean (value=1.4492, SHAP=+0.291) | Heater2Temp_mean (value=54.0298, SHAP=+0.208) | Gas7Flow_mean (value=2.0452, SHAP=+0.155)"
2,1,Chuck,4,5,1,0,43.42695056179775,43.54600561797753,44.12283540123596,43.59039630200352,44.6552745004684,1,ALARM,0.4617228209972381,False,1,SPC VIOLATION,0,False,SPC ALARM,POST-FIRST-SPC,ENGINEER ACTION REQUIRED,HeliumBPFlow_mean,1.5067659976122378,0.2617865204811096,Heater2Temp_mean,54.006337363044736,0.2078614830970764,HeliumBPPressure_min,0.0061037018895149,0.1838811486959457,"HeliumBPFlow_mean (value=1.5068, SHAP=+0.262) | Heater2Temp_mean (value=54.0063, SHAP=+0.208) | HeliumBPPressure_min (value=0.0061, SHAP=+0.184)"
2,1,Chuck,5,6,1,0,43.54600561797753,43.41621348314607,44.12283540123596,43.59039630200352,44.6552745004684,1,ALARM,0.8044150471687317,True,1,SPC VIOLATION,0,False,SPC ALARM,POST-FIRST-SPC,ENGINEER ACTION REQUIRED,HeliumBPFlow_mean,1.4029555295040177,0.3312188982963562,Heater2Temp_mean,53.99950754807698,0.2078614830970764,HeliumBPPressure_min,0.0079348124563694,0.1937587857246399,"HeliumBPFlow_mean (value=1.4030, SHAP=+0.331) | Heater2Temp_mean (value=53.9995, SHAP=+0.208) | HeliumBPPressure_min (value=0.0079, SHAP=+0.194)"
2,1,Chuck,6,7,1,0,43.41621348314607,43.29778764044944,44.12283540123596,43.59039630200352,44.6552745004684,1,ALARM,0.9627556204795836,True,1,SPC VIOLATION,0,False,SPC ALARM,POST-FIRST-SPC,ENGINEER ACTION REQUIRED,PlatenRFReflectedPower_std,7.578408419721608,0.9035146832466124,HeliumBPFlow_mean,1.4346553014036616,0.3157264590263366,HeliumBPPressure_min,0.0067140720784664,0.2045347839593887,"PlatenRFReflectedPower_std (value=7.5784, SHAP=+0.904) | HeliumBPFlow_mean (value=1.4347, SHAP=+0.316) | HeliumBPPressure_min (value=0.0067, SHAP=+0.205)"
2,1,Chuck,7,8,1,0,43.29778764044944,42.96067191011236,44.12283540123596,43.59039630200352,44.6552745004684,1,ALARM,0.9682318568229676,True,1,SPC VIOLATION,0,False,SPC ALARM,POST-FIRST-SPC,ENGINEER ACTION REQUIRED,PlatenRFReflectedPower_std,7.5906654596495295,0.9035146832466124,HeliumBPFlow_mean,1.367008540179313,0.340101957321167,HeliumBPPressure_min,0.0085451826453208,0.2045347839593887,"PlatenRFReflectedPower_std (value=7.5907, SHAP=+0.904) | HeliumBPFlow_mean (value=1.3670, SHAP=+0.340) | HeliumBPPressure_min (value=0.0085, SHAP=+0.205)"
2,1,Chuck,8,9,1,0,42.96067191011236,43.18773370786516,44.12283540123596,43.59039630200352,44.6552745004684,1,ALARM,0.9287612438201904,True,1,SPC VIOLATION,0,False,SPC ALARM,POST-FIRST-SPC,ENGINEER ACTION REQUIRED,HeliumBPFlow_mean,1.3712492708537969,0.3207711279392242,HeliumBPPressure_min,0.0061037018895149,0.2067728787660598,Heater2Temp_mean,54.00027270286724,0.1912685334682464,"HeliumBPFlow_mean (value=1.3712, SHAP=+0.321) | HeliumBPPressure_min (value=0.0061, SHAP=+0.207) | Heater2Temp_mean (value=54.0003, SHAP=+0.191)"
2,1,Chuck,9,10,1,0,43.18773370786516,43.10430337078652,44.12283540123596,43.59039630200352,44.6552745004684,1,ALARM,0.9454069137573242,True,1,SPC VIOLATION,0,False,SPC ALARM,POST-FIRST-SPC,ENGINEER ACTION REQUIRED,PlatenRFReflectedPower_std,7.635249888286498,0.9116711020469666,HeliumBPFlow_mean,1.4241546162289929,0.2888699471950531,HeliumBPPressure_min,0.0079348124563694,0.1785466521978378,"PlatenRFReflectedPower_std (value=7.6352, SHAP=+0.912) | HeliumBPFlow_mean (value=1.4242, SHAP=+0.289) | HeliumBPPressure_min (value=0.0079, SHAP=+0.179)"
3,9,Chuck,3,4,1,1,44.266009562584266,44.079486308876405,44.11836947966293,43.58593038043048,44.650808578895365,0,NORMAL,0.2225849330425262,False,0,NORMAL,0,False,NORMAL,CORRECT NORMAL,CONTINUE MONITORING,HeliumBPFlow_mean,1.3361366286961012,0.6306173205375671,Gas7Flow_mean,1.9499538089812705,0.2800154089927673,Pressure_min,0.0006000000284984,0.13709357380867,"HeliumBPFlow_mean (value=1.3361, SHAP=+0.631) | Gas7Flow_mean (value=1.9500, SHAP=+0.280) | Pressure_min (value=0.0006, SHAP=+0.137)"
3,9,Chuck,4,5,1,1,44.079486308876405,43.97683269134832,44.11836947966293,43.58593038043048,44.650808578895365,0,NORMAL,0.2413576692342758,False,0,NORMAL,0,False,NORMAL,CORRECT NORMAL,CONTINUE MONITORING,HeliumBPFlow_mean,1.3949445827391136,0.7092741131782532,Gas7Flow_mean,2.0305635675783336,0.2800154089927673,Pressure_min,0.0006000000284984,0.13709357380867,"HeliumBPFlow_mean (value=1.3949, SHAP=+0.709) | Gas7Flow_mean (value=2.0306, SHAP=+0.280) | Pressure_min (value=0.0006, SHAP=+0.137)"
3,9,Chuck,5,6,1,1,43.97683269134832,43.70646829337079,44.11836947966293,43.58593038043048,44.650808578895365,0,NORMAL,0.6688215136528015,True,0,NORMAL,0,False,EARLY WARNING,FALSE EARLY WARNING,ENGINEER REVIEW REQUIRED,HeliumBPFlow_mean,1.3805950917688334,0.8568148016929626,Gas7Flow_mean,2.060122017345518,0.2171212285757064,Pressure_min,0.0006000000284984,0.1294869184494018,"HeliumBPFlow_mean (value=1.3806, SHAP=+0.857) | Gas7Flow_mean (value=2.0601, SHAP=+0.217) | Pressure_min (value=0.0006, SHAP=+0.129)"
3,9,Chuck,6,7,1,1,43.70646829337079,43.58551297651685,44.11836947966293,43.58593038043048,44.650808578895365,0,NORMAL,0.7296637296676636,True,1,SPC VIOLATION,1,True,EARLY WARNING,TRUE EARLY WARNING,ENGINEER REVIEW REQUIRED,HeliumBPFlow_mean,1.4325937437087537,0.8708659410476685,PlatenRFReflectedPower_std,7.550589662376933,0.1980700194835662,Pressure_min,0.0006000000284984,0.1294869184494018,"HeliumBPFlow_mean (value=1.4326, SHAP=+0.871) | PlatenRFReflectedPower_std (value=7.5506, SHAP=+0.198) | Pressure_min (value=0.0006, SHAP=+0.129)"
3,9,Chuck,7,8,1,0,43.58551297651685,43.50429716483146,44.11836947966293,43.58593038043048,44.650808578895365,1,ALARM,0.8093510270118713,True,1,SPC VIOLATION,0,False,SPC ALARM,POST-FIRST-SPC,ENGINEER ACTION REQUIRED,HeliumBPFlow_mean,1.3904398426698157,0.8147837519645691,PlatenRFReflectedPower_std,7.355475308829471,0.206554964184761,Pressure_min,0.0006000000284984,0.1294869184494018,"HeliumBPFlow_mean (value=1.3904, SHAP=+0.815) | PlatenRFReflectedPower_std (value=7.3555, SHAP=+0.207) | Pressure_min (value=0.0006, SHAP=+0.129)"
3,9,Chuck,8,9,1,0,43.50429716483146,43.42807412224719,44.11836947966293,43.58593038043048,44.650808578895365,1,ALARM,0.9201921820640564,True,1,SPC VIOLATION,0,False,SPC ALARM,POST-FIRST-SPC,ENGINEER ACTION REQUIRED,HeliumBPFlow_mean,1.3748630840190197,0.7604469656944275,HeliumBPPressure_min,0.0061037018895149,0.3065445721149444,Gas7Flow_mean,2.041404336057592,0.244983896613121,"HeliumBPFlow_mean (value=1.3749, SHAP=+0.760) | HeliumBPPressure_min (value=0.0061, SHAP=+0.307) | Gas7Flow_mean (value=2.0414, SHAP=+0.245)"
3,9,Chuck,9,10,1,0,43.42807412224719,42.98307262797753,44.11836947966293,43.58593038043048,44.650808578895365,1,ALARM,0.927680730819702,True,1,SPC VIOLATION,0,False,SPC ALARM,POST-FIRST-SPC,ENGINEER ACTION REQUIRED,HeliumBPFlow_mean,1.488707369768807,0.6583296060562134,Gas7Flow_mean,2.030772992527077,0.2659964561462402,PlatenRFReflectedPower_std,7.4408544516611315,0.2097161263227462,"HeliumBPFlow_mean (value=1.4887, SHAP=+0.658) | Gas7Flow_mean (value=2.0308, SHAP=+0.266) | PlatenRFReflectedPower_std (value=7.4409, SHAP=+0.210)"
4,3,Si,3,4,1,1,44.32450595134832,43.998570636404494,44.33190473531835,43.79946563608591,44.8643438345508,0,NORMAL,0.0574611313641071,False,0,NORMAL,0,False,NORMAL,CORRECT NORMAL,CONTINUE MONITORING,HeliumBPFlow_min,0.1269569993019104,0.0848325788974762,Gas7Flow_mean,2.0402816529938126,0.0582369230687618,Pressure_min,0.0006000000284984,0.0148013671860098,"HeliumBPFlow_min (value=0.1270, SHAP=+0.085) | Gas7Flow_mean (value=2.0403, SHAP=+0.058) | Pressure_min (value=0.0006, SHAP=+0.015)"
4,3,Si,4,5,1,1,43.998570636404494,43.92957708887641,44.33190473531835,43.79946563608591,44.8643438345508,0,NORMAL,0.1012105941772461,False,0,NORMAL,0,False,NORMAL,CORRECT NORMAL,CONTINUE MONITORING,SourceRFReflectedPower_mean,139.54984800185758,0.1984000504016876,PlatenDcBias_mean,3.582574117429667,0.0964729338884353,Gas7Flow_mean,2.0574807071083687,0.0582369230687618,"SourceRFReflectedPower_mean (value=139.5498, SHAP=+0.198) | PlatenDcBias_mean (value=3.5826, SHAP=+0.096) | Gas7Flow_mean (value=2.0575, SHAP=+0.058)"
4,3,Si,5,6,1,1,43.92957708887641,43.64391731,44.33190473531835,43.79946563608591,44.8643438345508,0,NORMAL,0.3945600092411041,False,1,SPC VIOLATION,1,False,NORMAL,MISSED EARLY WARNING,CONTINUE MONITORING,HeliumBPFlow_mean,1.3340602415175131,0.2177165150642395,HeliumBPFlow_min,0.1245155185461044,0.0800177454948425,Gas7Flow_mean,2.0585727217798127,0.0582369230687618,"HeliumBPFlow_mean (value=1.3341, SHAP=+0.218) | HeliumBPFlow_min (value=0.1245, SHAP=+0.080) | Gas7Flow_mean (value=2.0586, SHAP=+0.058)"
4,3,Si,6,7,1,0,43.64391731,43.214110956853936,44.33190473531835,43.79946563608591,44.8643438345508,1,ALARM,0.8060368895530701,True,1,SPC VIOLATION,0,False,SPC ALARM,POST-FIRST-SPC,ENGINEER ACTION REQUIRED,HeliumBPFlow_mean,1.335220040210236,0.2796547710895538,SourceRFReflectedPower_mean,140.3073875579328,0.2491782456636428,PlatenDcBias_mean,3.3995570701784747,0.2258844226598739,"HeliumBPFlow_mean (value=1.3352, SHAP=+0.280) | SourceRFReflectedPower_mean (value=140.3074, SHAP=+0.249) | PlatenDcBias_mean (value=3.3996, SHAP=+0.226)"
4,3,Si,7,8,1,0,43.214110956853936,43.135930337078655,44.33190473531835,43.79946563608591,44.8643438345508,1,ALARM,0.6452261209487915,True,1,SPC VIOLATION,0,False,SPC ALARM,POST-FIRST-SPC,ENGINEER ACTION REQUIRED,SourceRFReflectedPower_mean,142.5087858278572,0.1677466928958892,HeliumBPFlow_min,0.1220740377902984,0.0367616564035415,Gas7Flow_min,1.940000057220459,0.0253611616790294,"SourceRFReflectedPower_mean (value=142.5088, SHAP=+0.168) | HeliumBPFlow_min (value=0.1221, SHAP=+0.037) | Gas7Flow_min (value=1.9400, SHAP=+0.025)"
4,3,Si,8,9,1,0,43.135930337078655,42.94292808988764,44.33190473531835,43.79946563608591,44.8643438345508,1,ALARM,0.7941054701805115,True,1,SPC VIOLATION,0,False,SPC ALARM,POST-FIRST-SPC,ENGINEER ACTION REQUIRED,PlatenDcBias_mean,3.4525139170655628,0.2455088943243026,SourceRFReflectedPower_mean,142.53291213214533,0.1911858767271042,Gas7Flow_mean,2.0522460946533743,0.0650390684604644,"PlatenDcBias_mean (value=3.4525, SHAP=+0.246) | SourceRFReflectedPower_mean (value=142.5329, SHAP=+0.191) | Gas7Flow_mean (value=2.0522, SHAP=+0.065)"
4,3,Si,9,10,1,0,42.94292808988764,43.42402808988764,44.33190473531835,43.79946563608591,44.8643438345508,1,ALARM,0.7910692691802979,True,1,SPC VIOLATION,0,False,SPC ALARM,POST-FIRST-SPC,ENGINEER ACTION REQUIRED,PlatenRFReflectedPower_std,7.682673324555483,0.9088284373283386,SourceRFReflectedPower_mean,140.85521766114942,0.1467341184616089,Gas7Flow_mean,2.0356400751847006,0.0650390684604644,"PlatenRFReflectedPower_std (value=7.6827, SHAP=+0.909) | SourceRFReflectedPower_mean (value=140.8552, SHAP=+0.147) | Gas7Flow_mean (value=2.0356, SHAP=+0.065)"
5,1,Si,3,4,1,1,43.85850112359551,43.35476853932584,43.96169288389513,43.42925378466269,44.49413198312757,0,NORMAL,0.6050675511360168,True,1,SPC VIOLATION,1,True,EARLY WARNING,TRUE EARLY WARNING,ENGINEER REVIEW REQUIRED,HeliumBPFlow_mean,1.3751755062115534,0.576215922832489,HeliumBPPressure_min,0.0048829615116119,0.3159960508346557,Gas7Flow_min,1.940000057220459,0.0669923424720764,"HeliumBPFlow_mean (value=1.3752, SHAP=+0.576) | HeliumBPPressure_min (value=0.0049, SHAP=+0.316) | Gas7Flow_min (value=1.9400, SHAP=+0.067)"
5,1,Si,4,5,1,0,43.35476853932584,43.50141797752809,43.96169288389513,43.42925378466269,44.49413198312757,1,ALARM,0.9182350635528564,True,0,NORMAL,0,False,SPC ALARM,POST-FIRST-SPC,ENGINEER ACTION REQUIRED,HeliumBPFlow_mean,1.374078546971688,0.5378533601760864,HeliumBPPressure_min,0.0048829615116119,0.2874583601951599,HeliumBPFlow_min,0.1220740377902984,0.2455761581659317,"HeliumBPFlow_mean (value=1.3741, SHAP=+0.538) | HeliumBPPressure_min (value=0.0049, SHAP=+0.287) | HeliumBPFlow_min (value=0.1221, SHAP=+0.246)"
5,1,Si,5,6,1,0,43.50141797752809,43.371765168539326,43.96169288389513,43.42925378466269,44.49413198312757,0,NORMAL,0.9602300524711608,True,1,SPC VIOLATION,0,False,EARLY WARNING,POST-FIRST-SPC,ENGINEER REVIEW REQUIRED,HeliumBPFlow_mean,1.3808326245602898,0.5356767177581787,HeliumBPPressure_min,0.0048829615116119,0.2874583601951599,HeliumBPFlow_min,0.1220740377902984,0.2554195523262024,"HeliumBPFlow_mean (value=1.3808, SHAP=+0.536) | HeliumBPPressure_min (value=0.0049, SHAP=+0.287) | HeliumBPFlow_min (value=0.1221, SHAP=+0.255)"
5,1,Si,6,7,1,0,43.371765168539326,43.26722436393258,43.96169288389513,43.42925378466269,44.49413198312757,1,ALARM,0.9441539645195008,True,1,SPC VIOLATION,0,False,SPC ALARM,POST-FIRST-SPC,ENGINEER ACTION REQUIRED,HeliumBPFlow_mean,1.3499332137812017,0.4842793941497803,HeliumBPFlow_min,0.125736266374588,0.2562867701053619,Gas7Flow_min,1.9299999475479128,0.0900334045290947,"HeliumBPFlow_mean (value=1.3499, SHAP=+0.484) | HeliumBPFlow_min (value=0.1257, SHAP=+0.256) | Gas7Flow_min (value=1.9300, SHAP=+0.090)"
5,1,Si,7,8,1,0,43.26722436393258,43.17212696629213,43.96169288389513,43.42925378466269,44.49413198312757,1,ALARM,0.9498750567436218,True,1,SPC VIOLATION,0,False,SPC ALARM,POST-FIRST-SPC,ENGINEER ACTION REQUIRED,HeliumBPFlow_mean,1.4083071793357824,0.5316632986068726,PlatenRFReflectedPower_std,7.556859028976109,0.3685272932052612,HeliumBPPressure_min,0.0048829615116119,0.1954293847084045,"HeliumBPFlow_mean (value=1.4083, SHAP=+0.532) | PlatenRFReflectedPower_std (value=7.5569, SHAP=+0.369) | HeliumBPPressure_min (value=0.0049, SHAP=+0.195)"
5,1,Si,8,9,1,0,43.17212696629213,43.233769856629216,43.96169288389513,43.42925378466269,44.49413198312757,1,ALARM,0.9727233052253724,True,1,SPC VIOLATION,0,False,SPC ALARM,POST-FIRST-SPC,ENGINEER ACTION REQUIRED,HeliumBPFlow_mean,1.3897796517262688,0.5048907399177551,PlatenRFReflectedPower_std,6.4311692896363,0.3685272932052612,HeliumBPFlow_min,0.1220740377902984,0.244872972369194,"HeliumBPFlow_mean (value=1.3898, SHAP=+0.505) | PlatenRFReflectedPower_std (value=6.4312, SHAP=+0.369) | HeliumBPFlow_min (value=0.1221, SHAP=+0.245)"
5,1,Si,9,10,1,0,43.233769856629216,43.02462584269663,43.96169288389513,43.42925378466269,44.49413198312757,1,ALARM,0.954643726348877,True,1,SPC VIOLATION,0,False,SPC ALARM,POST-FIRST-SPC,ENGINEER ACTION REQUIRED,HeliumBPFlow_mean,1.3366602845198483,0.4016775488853454,HeliumBPPressure_min,0.0067140720784664,0.2788233160972595,HeliumBPFlow_min,0.1220740377902984,0.244872972369194,"HeliumBPFlow_mean (value=1.3367, SHAP=+0.402) | HeliumBPPressure_min (value=0.0067, SHAP=+0.279) | HeliumBPFlow_min (value=0.1221, SHAP=+0.245)"
6,9,Si,3,4,1,1,44.066997752808994,43.89461797752809,44.00474981273408,43.47231071350164,44.53718891196653,0,NORMAL,0.0444385297596454,False,0,NORMAL,0,False,NORMAL,CORRECT NORMAL,CONTINUE MONITORING,Gas7Flow_mean,1.9323960599585024,0.1415783613920211,Gas7Flow_min,1.7999999523162842,0.0047074286267161,,,,"Gas7Flow_mean (value=1.9324, SHAP=+0.142) | Gas7Flow_min (value=1.8000, SHAP=+0.005)"
6,9,Si,4,5,1,1,43.89461797752809,43.69129550561797,44.00474981273408,43.47231071350164,44.53718891196653,0,NORMAL,0.0804897993803024,False,0,NORMAL,0,False,NORMAL,CORRECT NORMAL,CONTINUE MONITORING,HeliumBPPressure_min,0.0079348124563694,0.3313270509243011,Gas7Flow_mean,1.9966923304253223,0.1415783613920211,Gas7Flow_min,1.870000004768372,0.0047074286267161,"HeliumBPPressure_min (value=0.0079, SHAP=+0.331) | Gas7Flow_mean (value=1.9967, SHAP=+0.142) | Gas7Flow_min (value=1.8700, SHAP=+0.005)"
6,9,Si,5,6,1,1,43.69129550561797,43.231184269662926,44.00474981273408,43.47231071350164,44.53718891196653,0,NORMAL,0.1638308316469192,False,1,SPC VIOLATION,1,False,NORMAL,MISSED EARLY WARNING,CONTINUE MONITORING,HeliumBPPressure_min,0.0054933317005634,0.1566188931465149,HeliumBPFlow_mean,1.3456955341483368,0.0924105420708656,Gas7Flow_mean,2.064038774920186,0.070543460547924,"HeliumBPPressure_min (value=0.0055, SHAP=+0.157) | HeliumBPFlow_mean (value=1.3457, SHAP=+0.092) | Gas7Flow_mean (value=2.0640, SHAP=+0.071)"
6,9,Si,6,7,1,0,43.231184269662926,42.97732808988764,44.00474981273408,43.47231071350164,44.53718891196653,1,ALARM,0.3595528900623321,False,1,SPC VIOLATION,0,False,SPC ALARM,POST-FIRST-SPC,ENGINEER ACTION REQUIRED,HeliumBPPressure_min,0.0079348124563694,0.3398447632789612,HeliumBPFlow_mean,1.3523304185380638,0.1102885827422142,Gas7Flow_min,1.9299999475479128,0.0123062375932931,"HeliumBPPressure_min (value=0.0079, SHAP=+0.340) | HeliumBPFlow_mean (value=1.3523, SHAP=+0.110) | Gas7Flow_min (value=1.9300, SHAP=+0.012)"
6,9,Si,7,8,1,0,42.97732808988764,43.32931011235955,44.00474981273408,43.47231071350164,44.53718891196653,1,ALARM,0.13458913564682,False,1,SPC VIOLATION,0,False,SPC ALARM,POST-FIRST-SPC,ENGINEER ACTION REQUIRED,HeliumBPFlow_mean,1.3320202323805208,0.0719090327620506,,,,,,,"HeliumBPFlow_mean (value=1.3320, SHAP=+0.072)"
6,9,Si,8,9,1,0,43.32931011235955,43.23398539325843,44.00474981273408,43.47231071350164,44.53718891196653,1,ALARM,0.8580193519592285,True,1,SPC VIOLATION,0,False,SPC ALARM,POST-FIRST-SPC,ENGINEER ACTION REQUIRED,PlatenRFReflectedPower_std,7.62580295726012,1.419218897819519,HeliumBPPressure_min,0.0079348124563694,0.3019831478595733,,,,"PlatenRFReflectedPower_std (value=7.6258, SHAP=+1.419) | HeliumBPPressure_min (value=0.0079, SHAP=+0.302)"
6,9,Si,9,10,1,0,43.23398539325843,43.2034202247191,44.00474981273408,43.47231071350164,44.53718891196653,1,ALARM,0.4554062187671661,False,1,SPC VIOLATION,0,False,SPC ALARM,POST-FIRST-SPC,ENGINEER ACTION REQUIRED,HeliumBPPressure_min,0.0067140720784664,0.3019831478595733,,,,,,,"HeliumBPPressure_min (value=0.0067, SHAP=+0.302)"
7,3,SiO2,3,4,1,1,43.68900561797753,43.76099325842696,43.87698951310861,43.34455041387617,44.40942861234105,0,NORMAL,0.0721927434206008,False,0,NORMAL,0,False,NORMAL,CORRECT NORMAL,CONTINUE MONITORING,SourceRFReflectedPower_mean,142.71922388805623,0.1757034659385681,Heater2Temp_mean,54.721158385240656,0.0177852939814329,,,,"SourceRFReflectedPower_mean (value=142.7192, SHAP=+0.176) | Heater2Temp_mean (value=54.7212, SHAP=+0.018)"
7,3,SiO2,4,5,1,1,43.76099325842696,43.5520786516854,43.87698951310861,43.34455041387617,44.40942861234105,0,NORMAL,0.0803787037730217,False,0,NORMAL,0,False,NORMAL,CORRECT NORMAL,CONTINUE MONITORING,SourceRFReflectedPower_mean,141.50740330887504,0.1664444208145141,Heater2Temp_mean,54.71118021202263,0.0177852939814329,,,,"SourceRFReflectedPower_mean (value=141.5074, SHAP=+0.166) | Heater2Temp_mean (value=54.7112, SHAP=+0.018)"
7,3,SiO2,5,6,1,1,43.5520786516854,43.370857303370784,43.87698951310861,43.34455041387617,44.40942861234105,0,NORMAL,0.6734336018562317,True,0,NORMAL,0,False,EARLY WARNING,FALSE EARLY WARNING,ENGINEER REVIEW REQUIRED,HeliumBPPressure_min,0.0054933317005634,0.6575644612312317,Heater2Temp_std,0.228315440491125,0.1522638350725174,PlatenDcBias_min,-60.701316833496094,0.0184328146278858,"HeliumBPPressure_min (value=0.0055, SHAP=+0.658) | Heater2Temp_std (value=0.2283, SHAP=+0.152) | PlatenDcBias_min (value=-60.7013, SHAP=+0.018)"
8,3,SiO2,3,4,1,1,43.71542808988764,43.83268764044944,43.78535622906367,43.252917129831225,44.31779532829611,0,NORMAL,0.1107118278741836,False,0,NORMAL,0,False,NORMAL,CORRECT NORMAL,CONTINUE MONITORING,PlatenRFPeakToPeak_max,982.7570190429688,0.1587643772363662,ForeLinePressure_mean,126.12842852104932,0.0286543238908052,,,,"PlatenRFPeakToPeak_max (value=982.7570, SHAP=+0.159) | ForeLinePressure_mean (value=126.1284, SHAP=+0.029)"
8,3,SiO2,4,5,1,1,43.83268764044944,43.646195505617975,43.78535622906367,43.252917129831225,44.31779532829611,0,NORMAL,0.1321871876716613,False,0,NORMAL,0,False,NORMAL,CORRECT NORMAL,CONTINUE MONITORING,PlatenRFPeakToPeak_max,983.1004028320312,0.3776606023311615,,,,,,,"PlatenRFPeakToPeak_max (value=983.1004, SHAP=+0.378)"
8,3,SiO2,5,6,1,1,43.646195505617975,43.50728202247191,43.78535622906367,43.252917129831225,44.31779532829611,0,NORMAL,0.8529328107833862,True,0,NORMAL,0,False,EARLY WARNING,FALSE EARLY WARNING,ENGINEER REVIEW REQUIRED,PlatenRFReflectedPower_std,7.764804518574396,0.526878297328949,PlatenRFPeakToPeak_max,985.8470458984376,0.3833547532558441,,,,"PlatenRFReflectedPower_std (value=7.7648, SHAP=+0.527) | PlatenRFPeakToPeak_max (value=985.8470, SHAP=+0.383)"
8,3,SiO2,6,7,1,1,43.50728202247191,43.40571685393258,43.78535622906367,43.252917129831225,44.31779532829611,0,NORMAL,0.9345394968986512,True,0,NORMAL,0,False,EARLY WARNING,FALSE EARLY WARNING,ENGINEER REVIEW REQUIRED,PlatenRFReflectedPower_std,7.790706470421942,0.4980633556842804,PlatenRFPeakToPeak_max,983.6497192382812,0.3202584683895111,PlatenRFTuningCapacitor_std,3.8927192840629896,0.1680362373590469,"PlatenRFReflectedPower_std (value=7.7907, SHAP=+0.498) | PlatenRFPeakToPeak_max (value=983.6497, SHAP=+0.320) | PlatenRFTuningCapacitor_std (value=3.8927, SHAP=+0.168)"
8,3,SiO2,7,8,1,1,43.40571685393258,43.69908426966292,43.78535622906367,43.252917129831225,44.31779532829611,0,NORMAL,0.9345394968986512,True,0,NORMAL,0,False,EARLY WARNING,FALSE EARLY WARNING,ENGINEER REVIEW REQUIRED,PlatenRFReflectedPower_std,7.712620822579042,0.4980633556842804,PlatenRFPeakToPeak_max,984.5423583984376,0.3202584683895111,PlatenRFTuningCapacitor_std,3.8578411021504935,0.1680362373590469,"PlatenRFReflectedPower_std (value=7.7126, SHAP=+0.498) | PlatenRFPeakToPeak_max (value=984.5424, SHAP=+0.320) | PlatenRFTuningCapacitor_std (value=3.8578, SHAP=+0.168)"
8,3,SiO2,8,9,1,1,43.69908426966292,43.47381460674157,43.78535622906367,43.252917129831225,44.31779532829611,0,NORMAL,0.4920430183410644,False,0,NORMAL,0,False,NORMAL,CORRECT NORMAL,CONTINUE MONITORING,PlatenRFTuningCapacitor_std,3.836755262058343,0.1831230223178863,ForeLinePressure_mean,112.85323031299896,0.0168829690665006,Gas7Flow_min,1.7799999713897705,0.0133451446890831,"PlatenRFTuningCapacitor_std (value=3.8368, SHAP=+0.183) | ForeLinePressure_mean (value=112.8532, SHAP=+0.017) | Gas7Flow_min (value=1.7800, SHAP=+0.013)"
8,3,SiO2,9,10,1,1,43.47381460674157,43.21752471910112,43.78535622906367,43.252917129831225,44.31779532829611,0,NORMAL,0.7291824221611023,True,1,SPC VIOLATION,1,True,EARLY WARNING,TRUE EARLY WARNING,ENGINEER REVIEW REQUIRED,PlatenRFReflectedPower_std,7.441628965343649,0.4983660578727722,PlatenRFTuningCapacitor_std,3.888792689709389,0.1831230223178863,Gas7Flow_min,1.7599999904632568,0.0133451446890831,"PlatenRFReflectedPower_std (value=7.4416, SHAP=+0.498) | PlatenRFTuningCapacitor_std (value=3.8888, SHAP=+0.183) | Gas7Flow_min (value=1.7600, SHAP=+0.013)"
9,3,Chuck,3,4,1,1,44.198883146067416,43.97901235955056,44.28895805243445,43.75651895320201,44.82139715166689,0,NORMAL,0.1564317643642425,False,0,NORMAL,0,False,NORMAL,CORRECT NORMAL,CONTINUE MONITORING,HeliumBPPressure_min,0.0054933317005634,0.4573197364807129,HeliumBPFlow_mean,1.340795273694611,0.3106346726417541,,,,"HeliumBPPressure_min (value=0.0055, SHAP=+0.457) | HeliumBPFlow_mean (value=1.3408, SHAP=+0.311)"
9,3,Chuck,4,5,1,1,43.97901235955056,43.78194831460674,44.28895805243445,43.75651895320201,44.82139715166689,0,NORMAL,0.158418983221054,False,0,NORMAL,0,False,NORMAL,CORRECT NORMAL,CONTINUE MONITORING,HeliumBPPressure_min,0.0079348124563694,0.4050096571445465,PlatenRFReflectedPower_std,7.687087971288843,0.3707054555416107,Gas7Flow_min,1.919999957084656,0.0660871788859367,"HeliumBPPressure_min (value=0.0079, SHAP=+0.405) | PlatenRFReflectedPower_std (value=7.6871, SHAP=+0.371) | Gas7Flow_min (value=1.9200, SHAP=+0.066)"
9,3,Chuck,5,6,1,1,43.78194831460674,43.35196179775281,44.28895805243445,43.75651895320201,44.82139715166689,0,NORMAL,0.6086789965629578,True,1,SPC VIOLATION,1,True,EARLY WARNING,TRUE EARLY WARNING,ENGINEER REVIEW REQUIRED,HeliumBPPressure_min,0.0122074037790298,0.4233797192573547,HeliumBPFlow_mean,1.3580582550280966,0.4068260192871094,PlatenRFReflectedPower_std,7.646688119069166,0.3546582460403442,"HeliumBPPressure_min (value=0.0122, SHAP=+0.423) | HeliumBPFlow_mean (value=1.3581, SHAP=+0.407) | PlatenRFReflectedPower_std (value=7.6467, SHAP=+0.355)"
9,3,Chuck,6,7,1,0,43.35196179775281,43.514860674157305,44.28895805243445,43.75651895320201,44.82139715166689,1,ALARM,0.862527072429657,True,1,SPC VIOLATION,0,False,SPC ALARM,POST-FIRST-SPC,ENGINEER ACTION REQUIRED,HeliumBPFlow_mean,1.3605340324735338,0.4269148409366607,HeliumBPPressure_min,0.0097659230232238,0.4239464402198791,PlatenRFReflectedPower_std,7.657618963694981,0.3603180944919586,"HeliumBPFlow_mean (value=1.3605, SHAP=+0.427) | HeliumBPPressure_min (value=0.0098, SHAP=+0.424) | PlatenRFReflectedPower_std (value=7.6576, SHAP=+0.360)"
9,3,Chuck,7,8,1,0,43.514860674157305,43.43098426966292,44.28895805243445,43.75651895320201,44.82139715166689,1,ALARM,0.8411231637001038,True,1,SPC VIOLATION,0,False,SPC ALARM,POST-FIRST-SPC,ENGINEER ACTION REQUIRED,HeliumBPFlow_mean,1.3312128745432592,0.4346358180046081,HeliumBPPressure_min,0.0109866634011268,0.4239464402198791,PlatenRFReflectedPower_std,7.578572986192772,0.3603180944919586,"HeliumBPFlow_mean (value=1.3312, SHAP=+0.435) | HeliumBPPressure_min (value=0.0110, SHAP=+0.424) | PlatenRFReflectedPower_std (value=7.5786, SHAP=+0.360)"
10,3,SiO2,3,4,1,1,44.15319438202248,43.86219509404494,44.16679363295881,43.634354533726366,44.69923273219125,0,NORMAL,0.189002513885498,False,0,NORMAL,0,False,NORMAL,CORRECT NORMAL,CONTINUE MONITORING,HeliumBPFlow_mean,1.378293010013864,0.5539516806602478,HeliumBPFlow_min,0.1269569993019104,0.1513646841049194,Heater2Temp_mean,54.70887560263988,0.1412060111761093,"HeliumBPFlow_mean (value=1.3783, SHAP=+0.554) | HeliumBPFlow_min (value=0.1270, SHAP=+0.151) | Heater2Temp_mean (value=54.7089, SHAP=+0.141)"
