threshold,accuracy,precision,recall,specificity,f1,false_warning_rate,tp,fp,fn,tn,first_alarm_warned,first_alarm_total,first_alarm_warning_rate
0.3,0.7142857142857143,0.5,0.875,0.65,0.6363636363636364,0.35,7,7,1,13,7,8,0.875
0.35,0.7142857142857143,0.5,0.875,0.65,0.6363636363636364,0.35,7,7,1,13,7,8,0.875
0.4,0.6428571428571429,0.4166666666666667,0.625,0.65,0.5,0.35,5,7,3,13,5,8,0.625
0.45,0.6428571428571429,0.4166666666666667,0.625,0.65,0.5,0.35,5,7,3,13,5,8,0.625
0.5,0.6785714285714286,0.45454545454545453,0.625,0.7,0.5263157894736842,0.3,5,6,3,14,5,8,0.625
0.55,0.6785714285714286,0.45454545454545453,0.625,0.7,0.5263157894736842,0.3,5,6,3,14,5,8,0.625
0.6,0.7142857142857143,0.5,0.625,0.75,0.5555555555555556,0.25,5,5,3,15,5,8,0.625
0.65,0.6428571428571429,0.375,0.375,0.75,0.375,0.25,3,5,5,15,3,8,0.375
0.7,0.7142857142857143,0.5,0.375,0.85,0.42857142857142855,0.15,3,3,5,17,3,8,0.375
