lot_number,conditioning_count,conditioning_surface,current_experiment_key,current_wafer,next_experiment_key,next_wafer,current_mean_si_etch,current_std_si_etch,current_cv_si_etch,next_actual_mean_si_etch,CL,LCL,UCL,current_spc_alarm,next_spc_violation,next_first_spc_alarm,first_spc_alarm_wafer,pre_alarm_eligible,current_EpdIntensity_mean,current_ForeLinePressure_mean,current_ForeLinePressure_min,current_ForeLinePressure_max,current_Gas1Flow_mean,current_Gas1Flow_max,current_Gas2Flow_mean,current_Gas2Flow_std,current_Gas2Flow_min,current_Gas2Flow_max,current_Gas4Flow_mean,current_Gas4Flow_max,current_Gas5Flow_max,current_Gas7Flow_mean,current_Gas7Flow_std,current_Gas7Flow_min,current_Gas7Flow_max,current_Heater1Temp_mean,current_Heater2Temp_mean,current_Heater2Temp_std,current_Heater3Temp_mean,current_Heater3Temp_std,current_Heater3Temp_min,current_Heater3Temp_max,current_Heater4Temp_mean,current_Heater4Temp_std,current_HeliumBPFlow_mean,current_HeliumBPFlow_std,current_HeliumBPFlow_min,current_HeliumBPFlow_max,current_HeliumBPPressure_mean,current_HeliumBPPressure_min,current_HeliumBPPressure_max,current_PlatenDcBias_mean,current_PlatenDcBias_std,current_PlatenDcBias_min,current_PlatenDcBias_max,current_PlatenRFLoadCapacitor_mean,current_PlatenRFLoadCapacitor_std,current_PlatenRFLoadCapacitor_min,current_PlatenRFLoadCapacitor_max,current_PlatenRFLoadPower_max,current_PlatenRFPeakToPeak_mean,current_PlatenRFPeakToPeak_max,current_PlatenRFReflectedPower_mean,current_PlatenRFReflectedPower_std,current_PlatenRFReflectedPower_max,current_PlatenRFTuningCapacitor_mean,current_PlatenRFTuningCapacitor_std,current_PlatenRFTuningCapacitor_min,current_PlatenRFTuningCapacitor_max,current_Pressure_mean,current_Pressure_min,current_Pressure_max,current_SourceRF2PeakToPeak_mean,current_SourceRF2PeakToPeak_max,current_SourceRFLoadPower_max,current_SourceRFPeakToPeak_max,current_SourceRFReflectedPower_mean,current_SourceRFReflectedPower_std,current_moriInnerCurrent_max
1,3,Chuck,2024-07-02_03,3,2024-07-02_04,4,44.149623595505616,3.603756541381583,0.0816259856346417,43.90529550561798,44.15916704119851,43.62672794196607,44.69160614043095,0,0,0,5.0,1,0.1230000033974647,126.95352162571734,20.14221572875977,157.17031860351562,7.186208807923242,200.0,3.977859594361541,0.1225004309165457,3.369999885559082,4.28000020980835,71.36342758812357,300.0,600.010009765625,2.045423429894161,0.0428763485453345,1.8799999952316284,2.150000095367432,1371.0129010688352,54.417831722831664,0.1719172136168051,10.155959408357395,0.049650953744501,10.100000381469728,10.199999809265137,60.00455773027266,0.0843082353993663,1.6764453597892277,0.4490773665665604,0.1379436701536178,9.966124534606934,14.374781262294755,0.0042725913226604,14.993743896484377,2.6535594920800727,13.896962897306446,-44.3739128112793,34.699546813964844,86.55485396286801,14.097557822634728,7.608264446258545,93.24320220947266,80.33997344970703,523.826398219187,982.6883544921876,3.1433829762739127,7.697233407552694,225.13504028320312,28.59905403990139,3.954785388163069,24.24390411376953,50.132755279541016,0.0406221124236875,0.0006000000284984,0.0724000036716461,0.0822411311895325,53.86516952514648,2804.8037109375,3362.22412109375,138.2368000484395,176.07123930907565,10.026795387268066
1,3,Chuck,2024-07-02_04,4,2024-07-02_05,5,43.90529550561798,3.5522596776850137,0.0809073173697345,43.42659101123596,44.15916704119851,43.62672794196607,44.69160614043095,0,1,1,5.0,1,0.1230000033974647,126.69260565567134,20.44740104675293,156.86514282226562,7.2275700649463985,200.0,3.991478313473066,0.1266603918374114,3.359999895095825,4.289999961853027,71.41886954508323,300.010009765625,600.010009765625,2.0520603166274154,0.0374112595466631,1.919999957084656,2.140000104904175,1371.011854204061,54.43224515994218,0.1796083701198364,10.199999809265137,0.0,10.199999809265137,10.199999809265137,60.003356697451416,0.0865100735373743,1.615242167265554,0.4262554614887124,0.1452681124210357,9.723196983337402,14.374704564354504,0.0,14.993133544921877,3.4489863286724742,12.806949850260407,-95.919677734375,35.46250915527344,86.35268365106914,14.03746953529123,6.933805465698242,92.7243881225586,80.15686798095703,526.4545095553573,980.9030151367188,3.213466527177383,7.675505811409587,221.79327392578125,28.662895691369105,3.917933630626661,24.23474884033203,50.06866836547852,0.040581182255041,0.0006000000284984,0.0724999979138374,0.0491566988443058,54.93331527709961,2806.64990234375,3360.087890625,135.95313762347487,176.0271827279295,10.022767066955566
1,3,Chuck,2024-07-02_05,5,2024-07-02_06,6,43.42659101123596,3.509060637272411,0.0808044231785197,43.584064044943815,44.15916704119851,43.62672794196607,44.69160614043095,1,1,0,5.0,0,0.1230000033974647,124.94266646034144,20.44740104675293,156.55995178222656,7.152380231108229,200.0,4.059784738348064,0.1091082971332295,3.660000085830689,4.340000152587891,70.36819557242633,300.0,600.010009765625,2.056531184655092,0.0375876793377622,1.940000057220459,2.190000057220459,1371.014762920058,54.412735260639,0.2173023841532962,10.197877331890432,0.0198961026902722,10.100000381469728,10.300000190734863,60.00788324192989,0.0832948761706469,1.6145042939040428,0.4423443082398754,0.1391644030809402,10.022278785705566,14.384122248428374,0.0048829615116119,14.993743896484377,2.465549480271672,12.319752942936304,-85.26871490478516,40.162357330322266,84.49049533997578,18.519005259895152,0.0,92.94412231445312,80.20264434814453,515.2810932712312,981.8643798828124,3.388887075525457,8.06046530712927,222.20526123046875,28.648053325400923,3.909125644983802,24.26526641845703,50.065616607666016,0.0403852936821417,0.0006000000284984,0.065600000321865,0.0786559508018887,54.780723571777344,2804.6357421875,3361.766357421875,139.7947628842006,185.69383878949228,10.020752906799316
1,3,Chuck,2024-07-02_08,8,2024-07-02_09,9,43.09692808988764,3.477713183714158,0.0806951524818813,43.339929213483146,44.15916704119851,43.62672794196607,44.69160614043095,1,1,0,5.0,0,0.1230000033974647,124.838933172625,20.14221572875977,156.25477600097656,7.113511236391854,200.0,4.082498505666373,0.0983170409064907,3.5199999809265137,4.369999885559082,70.43594865679623,300.010009765625,600.02001953125,2.0187022251169053,0.0312262770521827,1.8899999856948853,2.119999885559082,1371.0162786202693,54.40539704734011,0.2415476503203535,10.173195843265734,0.0453157346311883,10.100000381469728,10.300000190734863,60.0018493381683,0.0820542271233547,1.6182242562783131,0.4261354761289155,0.1330607086420059,9.75859832763672,14.384275117986189,0.0097659230232238,14.993133544921877,3.180078653945136,9.974507364394675,-66.37776184082031,33.845027923583984,84.43426906691131,18.4742469890502,0.0,92.6419906616211,79.927978515625,517.4325787328531,981.7957153320312,3.3357526698325386,7.778438055248354,224.53993225097656,28.698405199299582,3.864372774390004,24.23780059814453,49.96490478515625,0.040376439751692,0.0006000000284984,0.069300003349781,0.1132645708203243,56.61183547973633,2804.8037109375,3353.83154296875,139.73749220896943,186.2201078194164,10.016724586486816
1,3,Chuck,2024-07-02_09,9,2024-07-02_10,10,43.339929213483146,3.4895088394683547,0.0805148716851794,43.28435730337079,44.15916704119851,43.62672794196607,44.69160614043095,1,1,0,5.0,0,0.1230000033974647,126.95549475022914,20.14221572875977,156.86514282226562,7.186266182301519,200.0,4.064054244988066,0.1026836094282809,3.5799999237060547,4.349999904632568,71.42251036118186,300.0,600.030029296875,2.0772950798364898,0.0408516804526583,1.909999966621399,2.190000057220459,1371.012073453385,54.41333924703075,0.2498398507108354,10.121442033270592,0.0432415070523441,10.0,10.300000190734863,60.01417096573412,0.0820532928616177,1.58673647472558,0.430235637875607,0.1330607086420059,9.9002046585083,14.374600360116068,0.0054933317005634,14.993743896484377,2.603324759395785,9.74895020038958,-66.19464874267578,32.04443359375,86.10614861166925,13.945964928022072,7.300027370452881,92.57179260253906,79.8822021484375,527.7124635763397,983.2377319335938,3.2844629218607904,7.487761861836691,223.303939819336,28.76758846969276,3.849457099760841,24.23474884033203,50.07477188110352,0.0406440537477337,0.0006000000284984,0.0783000066876411,0.0637447618072002,52.949615478515625,2805.642822265625,3358.104248046875,140.025692523258,177.41396361698816,10.024781227111816
2,1,Chuck,2024-07-05_03,3,2024-07-05_04,4,43.95148597898877,3.547390219150668,0.0807114967818497,43.42695056179775,44.12283540123596,43.59039630200352,44.6552745004684,0,1,1,4.0,1,0.1230000033974647,126.90032331327455,20.752586364746094,156.86514282226562,7.215007707952746,200.0,4.016929499802679,0.1262108104959558,3.5999999046325684,4.380000114440918,71.35357556117668,300.010009765625,600.010009765625,2.045220163039585,0.0404023567291944,1.919999957084656,2.1600000858306885,1371.013917143469,54.02975041630601,0.2241475532244274,10.131783384082864,0.0465702776094042,10.100000381469728,10.199999809265137,60.00098519285606,0.085729324226178,1.449203053170951,0.4122718306018531,0.1318399608135223,9.717093467712402,14.374761711063757,0.0,14.993743896484377,3.228542497938584,13.969162771693917,-31.8308048248291,35.34043502807617,86.3343234839056,13.993451940251765,7.818841934204102,92.92581176757812,80.24842071533203,522.6311076275562,981.2463989257812,3.236052290233862,7.843154389369266,222.5257110595703,28.58739645898911,3.94044181649956,24.23780059814453,50.12360000610352,0.0405769938277353,0.0006000000284984,0.0725999996066093,0.1138217281039619,54.62813186645508,2806.146484375,3367.107177734375,137.88362378913888,178.27451964805985,10.018738746643066
2,1,Chuck,2024-07-05_04,4,2024-07-05_05,5,43.42695056179775,3.466730713088856,0.0798290155822846,43.54600561797753,44.12283540123596,43.59039630200352,44.6552745004684,1,1,0,4.0,0,0.1230000033974647,125.16160760235252,20.44740104675293,156.86514282226562,7.099742269243993,200.0,3.982489413388069,0.1191656190991824,3.549999952316284,4.300000190734863,70.43356274243042,300.010009765625,600.02001953125,2.0499484090460944,0.0392555995946283,1.8899999856948853,2.1600000858306885,1371.0153388861384,54.006337363044736,0.2238562806847227,10.18908416523653,0.0311881677755119,10.100000381469728,10.199999809265137,60.00087907142246,0.0834992710193201,1.5067659976122378,0.4145907091302573,0.1245155185461044,9.525437355041504,14.38850865611584,0.0061037018895149,14.994964599609377,3.0620392052747034,13.008950568346547,-83.37657165527344,40.4065055847168,84.38052596828888,18.478574366844803,0.0,92.7091293334961,79.9737548828125,515.8378598413879,982.82568359375,3.3999775623278032,8.09242695750964,227.14926147460932,28.614467211388472,3.936366374451023,24.23474884033203,49.94354248046875,0.0403566400424067,0.0006000000284984,0.0658000037074089,0.1588850235346232,56.30664825439453,2805.978515625,3371.22705078125,142.03357044098647,186.57397204023204,10.030823707580566
2,1,Chuck,2024-07-05_05,5,2024-07-05_06,6,43.54600561797753,3.4666253747622258,0.0796083435338341,43.41621348314607,44.12283540123596,43.59039630200352,44.6552745004684,1,1,0,4.0,0,0.1230000033974647,126.87240827916987,20.752586364746094,156.86514282226562,7.245540498839339,200.0,3.961087184059536,0.1281813547861304,3.3399999141693115,4.340000152587891,71.28298731959329,300.010009765625,600.030029296875,2.0633507350205567,0.0381057145466935,1.9299999475479128,2.180000066757202,1371.0114539322356,53.99950754807698,0.2123274570820197,10.200923742570986,0.0095691290698663,10.199999809265137,10.300000190734863,60.01080972538165,0.0723051874343937,1.4029555295040177,0.4087697739027263,0.1293984800577163,9.691457748413086,14.374809080456629,0.0079348124563694,14.993743896484377,3.581427453443165,12.006277046282449,-49.287391662597656,34.02813720703125,86.01150878657184,13.97947892089522,7.525864601135254,92.55348205566406,80.20264434814453,526.2576250241359,984.405029296875,3.3279602791188148,7.692523325623361,223.25816345214844,28.71449897514698,3.9136910134737626,24.26221466064453,50.114444732666016,0.0405977514397406,0.0006000000284984,0.0689999982714653,0.1797556159016826,56.30664825439453,2806.314208984375,3370.61669921875,136.71664554546814,176.8454018281467,10.018738746643066
2,1,Chuck,2024-07-05_06,6,2024-07-05_07,7,43.41621348314607,3.452597133719872,0.0795232208598787,43.29778764044944,44.12283540123596,43.59039630200352,44.6552745004684,1,1,0,4.0,0,0.1230000033974647,126.72127247825932,20.44740104675293,156.86514282226562,7.283369256282747,200.0,3.9773021510170894,0.1294632844375981,3.4800000190734863,4.289999961853027,71.55311657186031,300.010009765625,600.02001953125,2.060505034852329,0.0401336624109801,1.899999976158142,2.180000066757202,1371.0179814420042,54.01145655329792,0.2330603959740829,10.197689998028716,0.0150237840994109,10.100000381469728,10.199999809265137,60.001939977393874,0.0799674739664703,1.4346553014036616,0.4130684343170808,0.1293984800577163,9.768364906311035,14.37474967948209,0.0067140720784664,14.993133544921877,3.128170717742797,10.882616815718563,-35.6456184387207,35.6456184387207,85.97323900257436,13.952922533601807,7.55943489074707,92.49244689941406,79.927978515625,526.2011808507583,980.697021484375,3.266956162046094,7.578408419721608,223.62437438964844,28.74788228673204,3.862639868980321,24.26831817626953,49.94354248046875,0.0405944253251396,0.0006000000284984,0.0754999965429306,0.1005221602730946,56.91701889038086,2806.146484375,3370.769287109375,140.54926095527293,177.90912902068806,10.034852027893066
2,1,Chuck,2024-07-05_07,7,2024-07-05_08,8,43.29778764044944,3.45002615253,0.0796813495687002,42.96067191011236,44.12283540123596,43.59039630200352,44.6552745004684,1,1,0,4.0,0,0.1230000033974647,126.78527970485844,20.752586364746094,156.55995178222656,7.3040868496516,200.0,3.896630749982946,0.1154980048693144,3.450000047683716,4.210000038146973,71.25034489458777,300.010009765625,600.02001953125,2.065811469219338,0.0390933664068224,1.919999957084656,2.1700000762939453,1371.0137324026264,54.010101417045725,0.2533257289275504,10.172158893306769,0.0468446515527777,10.100000381469728,10.300000190734863,60.00095460361285,0.0693396069904626,1.367008540179313,0.3986360129181197,0.1293984800577163,9.444868087768556,14.374889909819544,0.0085451826453208,14.993133544921877,2.922802860787512,10.469640524307389,-39.03317260742188,31.617176055908203,85.95713280838454,13.955178311764817,6.61336088180542,92.36731719970705,79.927978515625,525.1901513403072,982.9630126953124,3.274809006856273,7.5906654596495295,222.89193725585932,28.76171291751938,3.881831678228012,24.23780059814453,50.08087539672852,0.0405567597422085,0.0006000000284984,0.0763000026345253,0.1425826269771856,55.08591079711914,2805.642822265625,3375.34716796875,139.96885477410746,177.66964103088503,10.020752906799316
2,1,Chuck,2024-07-05_08,8,2024-07-05_09,9,42.96067191011236,3.4267495520532942,0.0797648034747492,43.18773370786516,44.12283540123596,43.59039630200352,44.6552745004684,1,1,0,4.0,0,0.1230000033974647,124.88323904305165,20.752586364746094,156.55995178222656,7.126923310207093,200.0,3.906962733588171,0.1047249135713562,3.559999942779541,4.28000020980835,70.30666852222033,300.010009765625,600.0399780273438,2.054722596132672,0.0360606251891362,1.909999966621399,2.1600000858306885,1371.0150008836129,54.00027270286724,0.2438134028106256,10.187965954459411,0.0400583673030067,10.100000381469728,10.300000190734863,60.00024227663834,0.0828162730365739,1.3712492708537969,0.4081299795744753,0.1196325570344924,9.850153923034668,14.384479474029003,0.0061037018895149,14.993743896484377,3.1819084658338,10.635208467503736,-43.45835876464844,36.43910217285156,84.34159934805736,18.478560759988376,0.0,92.60231018066406,79.927978515625,517.9040157876617,983.6497192382812,3.371721747188757,7.839111873866921,226.05059814453125,28.69739626595092,3.888363531497377,24.24695587158203,50.077823638916016,0.0403493176691209,0.0006000000284984,0.0653000026941299,0.1951001396537658,56.30664825439453,2804.6357421875,3363.44482421875,142.33116050230106,187.0418757582484,10.020752906799316
2,1,Chuck,2024-07-05_09,9,2024-07-05_10,10,43.18773370786516,3.447464424166889,0.079825082915593,43.10430337078652,44.12283540123596,43.59039630200352,44.6552745004684,1,1,0,4.0,0,0.1230000033974647,126.75993556529744,20.14221572875977,156.86514282226562,7.273995696313367,200.0,4.084097363591855,0.0993964631374285,3.5999999046325684,4.320000171661377,71.34548043996125,300.010009765625,600.030029296875,2.0544177016503857,0.0401363016083363,1.9299999475479128,2.1700000762939453,1371.0142294272036,54.00381990692458,0.2437712988687604,10.200461918236808,0.006783192731991,10.199999809265137,10.300000190734863,60.00588398720112,0.0727562102471156,1.4241546162289929,0.4138765460287903,0.1159703359007835,9.74517059326172,14.374669357451417,0.0079348124563694,14.993743896484377,3.158750361303305,10.212357365721076,-34.02813720703125,31.403545379638672,85.95560562412311,13.955793934298963,7.205420017242432,92.40699768066406,79.8822021484375,525.4593472671744,981.7957153320312,3.353721880261601,7.635249888286498,221.4270477294922,28.778223872111305,3.893257409870013,24.26831817626953,50.12360000610352,0.0406019405447645,0.0006000000284984,0.0771999955177307,0.144600946375858,54.93331527709961,2806.146484375,3358.714599609375,136.93916745297724,177.4285058144344,10.022767066955566
3,9,Chuck,2024-07-09_03,3,2024-07-09_04,4,44.266009562584266,3.726089616354972,0.0841749607243667,44.079486308876405,44.11836947966293,43.58593038043048,44.650808578895365,0,0,0,7.0,1,0.1230000033974647,128.17097259970274,21.97332763671875,158.08587646484375,7.25378503275718,200.0,4.083144457846155,0.1064306059811939,3.7300000190734863,4.349999904632568,71.35023404946214,300.010009765625,600.0399780273438,1.9499538089812705,0.0383625692826132,1.830000042915344,2.059999942779541,1371.0137324026264,54.90511191379558,0.177937835692937,10.152664077660102,0.049936385249055,10.100000381469728,10.199999809265137,60.00372630014469,0.0760317163863093,1.3361366286961012,0.3909818825279109,0.1245155185461044,9.289834022521973,14.37468877008393,0.0,14.993133544921877,3.376595337353452,12.465341442730097,-34.974212646484375,37.62932205200195,86.17927225134649,14.000648883259425,7.776116371154785,92.6938705444336,80.0653076171875,525.3793595539888,980.0790405273438,3.373300992076328,7.898260551332114,221.06082153320312,28.63102749717908,3.908916911067577,24.22254180908203,50.077823638916016,0.0406020322981946,0.0006000000284984,0.0758000016212463,0.0995822621008635,55.69628143310547,2803.79638671875,3371.684814453125,137.1092787525715,177.32939719925568,10.016724586486816
3,9,Chuck,2024-07-09_04,4,2024-07-09_05,5,44.079486308876405,3.6802060420349054,0.0834902207400228,43.97683269134832,44.11836947966293,43.58593038043048,44.650808578895365,0,0,0,7.0,1,0.1230000033974647,128.03431112361682,21.362957000732425,157.78070068359375,7.270822306139802,200.0,3.998478616462475,0.1275088118828539,3.559999942779541,4.380000114440918,71.40705889074432,300.010009765625,600.0499877929688,2.0305635675783336,0.0350901545531867,1.919999957084656,2.119999885559082,1371.014594526558,54.89944538954114,0.1745502520804253,10.13021271714145,0.046985782461583,10.100000381469728,10.300000190734863,60.00951621405411,0.0768599741553652,1.3949445827391136,0.4054146195664478,0.1135288551449775,9.57670783996582,14.374612634256367,0.0024414807558059,14.993133544921877,3.610019170140207,11.011518079258012,-34.11969375610352,31.495101928710938,86.00044819373956,13.928335803793528,7.913449287414551,92.46192932128906,79.927978515625,526.3651398898713,982.7570190429688,3.408688185438812,7.89791230835085,223.303939819336,28.694309008462927,3.890074235119343,24.26221466064453,49.93743515014648,0.0405923618201062,0.0006000000284984,0.0756999999284744,0.1768889290610202,56.00146484375,2807.4892578125,3369.243408203125,137.1553809486919,177.30151864551354,10.018738746643066
3,9,Chuck,2024-07-09_05,5,2024-07-09_06,6,43.97683269134832,3.617573040407448,0.0822608819011002,43.70646829337079,44.11836947966293,43.58593038043048,44.650808578895365,0,0,0,7.0,1,0.1230000033974647,129.94886401598816,21.362957000732425,157.78070068359375,7.407427230621914,200.0,4.051101736283638,0.1202998078666802,3.619999885559082,4.389999866485596,72.50805317601233,300.010009765625,600.010009765625,2.060122017345518,0.0388857305116886,1.950000047683716,2.1600000858306885,1371.014863350022,54.90544567914076,0.1581679441704434,10.174522655707944,0.0456843804428274,10.100000381469728,10.300000190734863,60.0071984985065,0.0710290273283531,1.3805950917688334,0.4118252770884874,0.1196325570344924,9.731741905212402,14.364502580363611,0.0,14.993133544921877,3.1512964000910846,9.677537684874784,-33.47880554199219,33.021026611328125,87.76108893572072,7.540749961502237,35.36790084838867,92.55043029785156,79.8822021484375,536.0467439797749,981.177734375,3.397784707261503,10.321123597518891,378.9941101074219,28.779618237873013,3.851777326725363,26.30085182189941,50.138858795166016,0.0408784034262966,0.0006000000284984,0.064699999988079,0.2181189857924674,56.45924377441406,2807.4892578125,3370.61669921875,135.19492600548529,164.41611560197336,10.038880348205566
3,9,Chuck,2024-07-09_06,6,2024-07-09_07,7,43.70646829337079,3.612516559788651,0.0826540487220419,43.58551297651685,44.11836947966293,43.58593038043048,44.650808578895365,0,1,1,7.0,1,0.1230000033974647,127.9679836718594,21.97332763671875,157.78070068359375,7.223074555077412,200.0,4.124497849120083,0.0947111601578522,3.829999923706055,4.389999866485596,71.37297902218837,300.010009765625,600.030029296875,2.0704558950401863,0.0393456620160436,1.909999966621399,2.1600000858306885,1371.0122582511408,54.89963002066809,0.1755633416083501,10.186167488109897,0.0371100898379709,10.100000381469728,10.300000190734863,60.00699294531558,0.0762586365062662,1.4325937437087537,0.4016959571036782,0.1171910762786865,9.421673774719238,14.379330254469162,0.0,14.993743896484377,3.2608359851590367,8.891732874168772,-34.88265609741211,32.166507720947266,85.76422660378711,13.862963723671657,7.934812545776367,92.24829864501952,79.927978515625,526.9005215281112,982.4823608398438,3.295279778154522,7.550589662376933,217.94793701171875,28.772351470613508,3.880102334607528,24.26831817626953,49.94354248046875,0.040605976226572,0.0006000000284984,0.069300003349781,0.1310152275945695,55.69628143310547,2805.978515625,3368.327880859375,138.9415427088228,178.56725304397278,10.018738746643066
3,9,Chuck,2024-07-09_07,7,2024-07-09_08,8,43.58551297651685,3.5956182045580425,0.0824957183937539,43.50429716483146,44.11836947966293,43.58593038043048,44.650808578895365,1,1,0,7.0,0,0.1230000033974647,127.97700960226288,21.97332763671875,157.78070068359375,7.236598899641929,200.0,3.964035770735914,0.1053639139410027,3.390000104904175,4.269999980926514,71.13867828514695,300.010009765625,600.02001953125,2.0683086309914813,0.034521654808809,1.899999976158142,2.1700000762939453,1371.0140754290735,54.90234096947821,0.1806011885896641,10.177510720451012,0.0417573235924263,10.100000381469728,10.199999809265137,60.01201448657964,0.0730389362462543,1.3904398426698157,0.4084838244191339,0.1269569993019104,9.712210655212402,14.374502388610104,0.0,14.993133544921877,2.897378029238641,8.49707688723437,-34.974212646484375,31.55613899230957,85.79443665587895,13.939185731657608,7.672353267669678,92.34290313720705,79.927978515625,526.5844987268736,982.551025390625,3.296887502467888,7.355475308829471,215.56748962402344,28.78337043872676,3.868042953653967,24.27442169189453,50.07477188110352,0.0405888782620263,0.0006000000284984,0.0794000029563903,0.1143738963467356,57.222206115722656,2805.810791015625,3369.548583984375,141.29426039730097,178.2506254842422,10.020752906799316
3,9,Chuck,2024-07-09_08,8,2024-07-09_09,9,43.50429716483146,3.580641267962553,0.0823054617891199,43.42807412224719,44.11836947966293,43.58593038043048,44.650808578895365,1,1,0,7.0,0,0.1230000033974647,127.91635403987036,21.362957000732425,157.78070068359375,7.178740376275013,200.0,3.927653249241882,0.1130282980851999,3.5299999713897705,4.309999942779541,71.34260239719617,300.010009765625,600.02001953125,2.041404336057592,0.0388338525036396,1.8899999856948853,2.1600000858306885,1371.016595885685,54.903602938450845,0.1926782325605114,10.173575577531771,0.0461477018460005,10.100000381469728,10.300000190734863,60.007914639194816,0.0840046265438748,1.3748630840190197,0.4062127578168291,0.1220740377902984,9.678030014038086,14.37473388797881,0.0061037018895149,14.993743896484377,3.209020803772856,8.19341135222976,-39.73509979248047,32.013916015625,85.68780023926105,13.897617780908728,7.129123687744141,92.44972229003906,79.8822021484375,528.2940024143004,983.3750610351562,3.386060111439197,7.4972926635786195,222.93771362304688,28.79678524241728,3.846973441900151,24.24085235595703,49.93743515014648,0.040570002716328,0.0006000000284984,0.0784000009298324,0.194371042818446,56.45924377441406,2803.29296875,3410.443359375,140.89953310334263,178.82283007358012,10.018738746643066
3,9,Chuck,2024-07-09_09,9,2024-07-09_10,10,43.42807412224719,3.5553391158461136,0.0818672986934227,42.98307262797753,44.11836947966293,43.58593038043048,44.650808578895365,1,1,0,7.0,0,0.1230000033974647,127.86700936820569,21.362957000732425,157.78070068359375,7.290098553345589,200.0,3.931259654579362,0.1076740681399658,3.5199999809265137,4.25,71.3438095745344,300.010009765625,600.02001953125,2.030772992527077,0.0347801545591374,1.909999966621399,2.150000095367432,1371.0141942547327,54.90215535776264,0.2049938106371393,10.192485223375984,0.0263666340872397,10.100000381469728,10.199999809265137,60.00104685772519,0.0804640739778402,1.488707369768807,0.4359740501263749,0.1232947781682014,9.823297500610352,14.37472354692172,0.0024414807558059,14.993743896484377,2.900677647192661,7.88088921481865,-35.187843322753906,30.762657165527344,85.73451325046784,13.91304221576548,6.985686779022217,92.51686096191406,79.8822021484375,527.2026105856653,980.7656860351562,3.3937155921407984,7.4408544516611315,219.0923767089844,28.79508683627886,3.874258583299593,24.1859188079834,50.114444732666016,0.0406085306050802,0.0006000000284984,0.0781999975442886,0.0484047817163258,55.69628143310547,2804.8037109375,3361.461181640625,138.4878376903036,178.13448857756416,10.018738746643066
4,3,Si,2024-07-11_03,3,2024-07-11_04,4,44.32450595134832,3.668143649233856,0.0827565602933082,43.998570636404494,44.33190473531835,43.79946563608591,44.8643438345508,0,0,0,6.0,1,0.1230000033974647,129.93157513040893,22.27851104736328,158.08587646484375,7.434403763404218,200.0,3.988710511271756,0.1397424586273495,3.470000028610229,4.46999979019165,72.5619686784762,300.010009765625,600.030029296875,2.0402816529938126,0.0387829023852286,1.899999976158142,2.150000095367432,1371.0126729615977,54.71007823078472,0.1515272095460214,10.184100056739291,0.0365729773605297,10.100000381469728,10.199999809265137,59.703568162753925,0.06839089948115,1.3065337882355346,0.3930925404266033,0.1269569993019104,9.328898429870604,14.364885243315232,0.0024414807558059,14.993743896484377,4.315030686582944,14.20248780913128,-33.936580657958984,38.75850677490234,87.8544574504727,7.562753375542266,35.32822799682617,92.31848907470705,80.24842071533203,535.8935501218028,980.2163696289062,3.3774103762783074,10.122825512140182,398.1749877929688,28.662707061051204,3.9114197153372254,26.29780006408692,49.93743515014648,0.0408586538915999,0.0006000000284984,0.0644999966025352,0.08262444676741,53.71257781982422,2804.468017578125,3368.327880859375,132.9336714534949,164.38437703097526,10.018738746643066
4,3,Si,2024-07-11_04,4,2024-07-11_05,5,43.998570636404494,3.640386087506352,0.0827387352555105,43.92957708887641,44.33190473531835,43.79946563608591,44.8643438345508,0,0,0,6.0,1,0.1230000033974647,127.90996261152593,21.97332763671875,158.08587646484375,7.3476070307308765,200.0,3.994924576568133,0.1178561276569463,3.549999952316284,4.369999885559082,71.31245763700892,300.010009765625,600.02001953125,2.0574807071083687,0.0428238705225655,1.919999957084656,2.1600000858306885,1371.0129010688352,54.72106574680903,0.1667342408006616,10.176162557305284,0.0426152118149082,10.100000381469728,10.199999809265137,59.69313216965713,0.0706822135911993,1.315432165502988,0.3929664773943886,0.1208532974123954,9.399701118469238,14.37486566028959,0.0030518509447574,14.993743896484377,3.582574117429667,12.952056741861254,-34.85213851928711,34.791099548339844,85.97821209355064,13.909767999581035,7.843256950378418,92.37036895751952,80.111083984375,524.7511664726273,982.2077026367188,3.3921788556872423,8.116637402964345,226.6914825439453,28.691529738928747,3.91678689142876,24.22254180908203,49.96795654296875,0.0405767166695288,0.0006000000284984,0.0715000033378601,0.1135397577124226,54.93331527709961,2804.468017578125,3371.989990234375,139.54984800185758,178.0439520771031,10.026795387268066
4,3,Si,2024-07-11_05,5,2024-07-11_06,6,43.92957708887641,3.58105345993556,0.0815180499618862,43.64391731,44.33190473531835,43.79946563608591,44.8643438345508,0,1,1,6.0,1,0.1230000033974647,129.7762600303256,21.97332763671875,158.08587646484375,7.421862284622282,200.0,4.004331796046154,0.1164941985369233,3.609999895095825,4.289999961853027,72.3051986721474,300.010009765625,600.02001953125,2.0585727217798127,0.0397915920361041,1.909999966621399,2.1600000858306885,1371.0178360200264,54.69862325605652,0.1951462924826912,10.147762236498144,0.0518034485202926,10.0,10.300000190734863,59.70744912351987,0.0674771047171222,1.3340602415175131,0.407726257691759,0.1245155185461044,9.726859092712402,14.364787800329063,0.0054933317005634,14.993743896484377,4.103875085893371,11.902122458327502,-34.63850784301758,41.53569030761719,87.82240396777229,7.5678447017597295,35.35569381713867,92.25745391845705,79.8822021484375,536.8458344126718,983.5123901367188,3.481101669424763,10.50345867481826,387.8292236328125,28.780245864820404,3.865532029578024,26.43818473815918,49.94354248046875,0.0408824409542208,0.0006000000284984,0.0644000023603439,0.1660130508255697,55.69628143310547,2805.978515625,3368.17529296875,134.22668209992617,164.7805520399978,10.018738746643066
4,3,Si,2024-07-11_06,6,2024-07-11_07,7,43.64391731,3.5909332851148625,0.0822779783860529,43.214110956853936,44.33190473531835,43.79946563608591,44.8643438345508,1,1,0,6.0,0,0.1230000033974647,127.9917338018532,21.362957000732425,157.78070068359375,7.314391746518725,200.0,3.921949509440623,0.1257146820473865,3.5199999809265137,4.28000020980835,71.36169998560986,300.010009765625,600.02001953125,2.061955602344528,0.0381813838433556,1.940000057220459,2.1700000762939453,1371.0144713659963,54.699384642924976,0.1994902092711403,10.124084020050114,0.044391496580563,10.100000381469728,10.300000190734863,59.70428090143982,0.0741153161746953,1.335220040210236,0.3953761901976121,0.1232947781682014,9.430219650268556,14.37502563241003,0.0067140720784664,14.993133544921877,3.3995570701784747,11.379149053300427,-65.46220397949219,34.943695068359375,86.02859241381623,13.91991288949367,7.678456783294678,92.56263732910156,79.8822021484375,526.2461205785885,983.3750610351562,3.320868740180088,7.742324040006005,225.6843719482422,28.76280318548909,3.8844576116906255,24.2133846282959,49.93743515014648,0.0405666765227425,0.0006000000284984,0.0785999968647956,0.1141976866679519,54.93331527709961,2806.146484375,3370.464111328125,140.3073875579328,178.04187474114707,10.026795387268066
4,3,Si,2024-07-11_07,7,2024-07-11_08,8,43.214110956853936,3.544839253352606,0.0820296698199313,43.135930337078655,44.33190473531835,43.79946563608591,44.8643438345508,1,1,0,6.0,0,0.1230000033974647,126.158929654272,20.752586364746094,157.78070068359375,7.1876174610714525,200.0,4.085137935073566,0.107354758209237,3.619999885559082,4.380000114440918,70.30018486407317,300.010009765625,600.030029296875,2.069281547999664,0.036855621116614,1.940000057220459,2.1600000858306885,1371.0134553380285,54.70624478407505,0.2198675142084983,10.16611094588979,0.0473401648677194,10.100000381469728,10.199999809265137,59.70869968688354,0.0717964271903997,1.2966061205882382,0.4023465368502751,0.1220740377902984,9.823297500610352,14.38456347979838,0.0097659230232238,14.993743896484377,3.641536272377923,11.25219227103678,-59.6636848449707,33.234657287597656,84.32955023139561,18.47155227031845,0.0,92.56263732910156,79.927978515625,516.9519863585408,984.7483520507812,3.351628932257237,7.803692920013852,222.84616088867188,28.711760956578345,3.883982327785933,24.23474884033203,50.05645751953125,0.0403706876980409,0.0006000000284984,0.0685999989509582,0.0778457893679163,52.3392448425293,2805.978515625,3370.158935546875,142.5087858278572,187.4130657992346,10.018738746643066
4,3,Si,2024-07-11_08,8,2024-07-11_09,9,43.135930337078655,3.5405483509044084,0.0820788684337482,42.94292808988764,44.33190473531835,43.79946563608591,44.8643438345508,1,1,0,6.0,0,0.1230000033974647,126.10120447349028,21.362957000732425,158.08587646484375,7.256304948076055,200.0,3.9107547966268217,0.1139779644596154,3.450000047683716,4.239999771118164,70.40383441922957,300.010009765625,600.02001953125,2.0522460946533743,0.040469692533228,1.919999957084656,2.1700000762939453,1371.0168797821664,54.69490810508763,0.203288914810213,10.18899653788298,0.0312976961295188,10.100000381469728,10.199999809265137,59.70785097282343,0.0823888427730858,1.2878792536921777,0.3982053151051706,0.1220740377902984,9.708548545837402,14.384559405824747,0.0097659230232238,14.993743896484377,3.4525139170655628,10.800018960997294,-35.9508056640625,34.699546813964844,84.2817483252605,18.459930616408453,0.0,92.61146545410156,79.8822021484375,516.5776817643234,981.3837280273438,3.364908505672666,7.752089226543015,221.79327392578125,28.729529009330776,3.901938295346664,24.24390411376953,50.144962310791016,0.0403203087587561,0.0006000000284984,0.0689000040292739,0.1437579961790031,54.93331527709961,2805.642822265625,3370.61669921875,142.53291213214533,187.36198571818807,10.026795387268066
4,3,Si,2024-07-11_09,9,2024-07-11_10,10,42.94292808988764,3.535692373945909,0.0823346830599217,43.42402808988764,44.33190473531835,43.79946563608591,44.8643438345508,1,1,0,6.0,0,0.1230000033974647,124.26233598247497,21.05777168273925,157.78070068359375,7.094712027254918,200.0,3.916019123513391,0.1040558318172253,3.539999961853028,4.170000076293945,69.19637714091702,300.010009765625,600.030029296875,2.0356400751847006,0.0358870355149388,1.899999976158142,2.1600000858306885,1371.0141415779572,54.698687586134064,0.2038101396251176,10.18701868390226,0.0336144713691278,10.100000381469728,10.199999809265137,59.69737398243776,0.080737065477448,1.3030858958293985,0.384332012416713,0.1171910762786865,9.352091789245604,14.394117679138995,0.0097659230232238,14.993133544921877,3.8036390510611446,10.95672914478906,-35.09628677368164,34.18072891235352,82.48383261115293,21.91483320633128,0.0,92.44972229003906,79.8822021484375,506.76607885676617,983.1004028320312,3.429548240581072,7.682673324555483,226.3710479736328,28.64453451884608,3.885974824816005,24.25000762939453,50.06866836547852,0.0400720676396101,0.0006000000284984,0.0747999995946884,0.0941693207215138,55.69628143310547,2805.47509765625,3362.22412109375,140.85521766114942,194.3803907479761,10.016724586486816
5,1,Si,2024-07-19_03,3,2024-07-19_04,4,43.85850112359551,3.59665582626589,0.0820058992925984,43.35476853932584,43.96169288389513,43.42925378466269,44.49413198312757,0,1,1,4.0,1,0.1230000033974647,128.37032512257127,21.97332763671875,158.3910675048828,7.229735140379232,200.0,4.201413618222287,0.111447388463676,3.7300000190734863,4.489999771118164,71.4842285652363,300.010009765625,600.030029296875,2.0513827705295187,0.0379312735102502,1.940000057220459,2.1600000858306885,1371.0162264040002,54.42177380889902,0.1735870750191742,10.129073205565469,0.0454166481341716,10.100000381469728,10.199999809265137,59.70612872105802,0.0854980565809364,1.3751755062115534,0.4000681768888159,0.1196325570344924,9.474165916442873,14.374850624685228,0.0048829615116119,14.993133544921877,3.884911324231119,14.662984197107708,-33.875545501708984,39.85717391967773,85.99114315862981,13.939910422955874,7.940916061401367,92.39173889160156,80.29419708251953,524.4831194699931,985.3663940429688,3.3393377520804832,7.862704018511083,224.1279296875,28.62754235885897,3.949195120111362,24.2103328704834,50.12970352172852,0.0405766551472042,0.0006000000284984,0.0715000033378601,0.1136337470597107,54.01776123046875,2808.83203125,3376.415283203125,139.73384251547412,180.03544557028528,10.018738746643066
5,1,Si,2024-07-19_04,4,2024-07-19_05,5,43.35476853932584,3.5109266995920128,0.0809813272652431,43.50141797752809,43.96169288389513,43.42925378466269,44.49413198312757,1,0,0,4.0,0,0.1230000033974647,126.64524626059762,21.97332763671875,158.3910675048828,7.094607448732132,200.009994506836,4.173458631850258,0.1136046301371007,3.660000085830689,4.46999979019165,70.3993300834931,300.0199890136719,600.02001953125,2.0665443562926504,0.0378676762503798,1.919999957084656,2.1700000762939453,1371.0121825357826,54.41442838485547,0.2167017821351482,10.166353442228791,0.0472569187913411,10.100000381469728,10.199999809265137,59.70366781211037,0.0884567467292851,1.374078546971688,0.4018425327167801,0.1220740377902984,9.57670783996582,14.384546647067951,0.0048829615116119,14.993133544921877,3.792648683428295,13.900123802219058,-34.11969375610352,40.19287872314453,84.16753191435633,18.43019727235252,0.0,92.40394592285156,80.29419708251953,514.4317191252024,983.9930419921876,3.4364406050355933,8.017814050016108,221.06082153320312,28.61849217965553,3.9185490986626057,24.2072811126709,50.065616607666016,0.040357623216051,0.0006999999750405,0.0680999979376792,0.1389938174106381,53.10220718383789,2805.978515625,3374.889404296875,141.75267799488384,188.31339944114103,10.024781227111816
5,1,Si,2024-07-19_05,5,2024-07-19_06,6,43.50141797752809,3.525516996631381,0.081043725941361,43.371765168539326,43.96169288389513,43.42925378466269,44.49413198312757,0,1,0,4.0,0,0.1230000033974647,128.3313666847262,22.583696365356445,159.00143432617188,7.164291426865355,200.0,4.14520949929567,0.1266335412455411,3.759999990463257,4.510000228881836,71.5530652095181,300.010009765625,600.010009765625,2.062307403069988,0.03691163954221,1.909999966621399,2.1600000858306885,1371.0173401894278,54.40985811483838,0.2377248193174985,10.18564376078927,0.0350696363811339,10.100000381469728,10.199999809265137,59.70693155548416,0.0840683926790444,1.3808326245602898,0.3954211371161468,0.1220740377902984,9.311807632446287,14.374610313875984,0.0048829615116119,14.993743896484377,3.777638658651656,12.754994461450607,-82.15583038330078,39.39939498901367,85.84892627903508,13.9697594477626,7.721182823181152,92.21778106689452,80.29419708251953,525.8505313377357,984.1990356445312,3.4373375230428067,7.9619314535446275,228.2937164306641,28.72557146609454,3.89281490330294,24.23474884033203,50.071720123291016,0.0405748919081757,0.0006000000284984,0.0775000005960464,0.0654841086340038,55.69628143310547,2807.3212890625,3374.279052734375,143.27178654218585,180.7494213998941,10.030823707580566
5,1,Si,2024-07-19_06,6,2024-07-19_07,7,43.371765168539326,3.514368172720677,0.0810289403501128,43.26722436393258,43.96169288389513,43.42925378466269,44.49413198312757,1,1,0,4.0,0,0.1230000033974647,128.25481141527726,22.583696365356445,158.3910675048828,7.125768401665475,200.0,4.0934093184275815,0.1158123014389952,3.390000104904175,4.449999809265137,71.57769010237165,300.010009765625,600.010009765625,2.066562927169436,0.0362329665878177,1.9299999475479128,2.180000066757202,1371.0152103293665,54.39950690403108,0.2337375830570704,10.149183962651316,0.0535701605997933,10.0,10.300000190734863,59.70264858695813,0.0825823070981925,1.3499332137812017,0.4062611104091106,0.125736266374588,9.721976280212402,14.37481565975527,0.0030518509447574,14.993743896484377,3.8924869091502696,11.431568710330064,-34.27228546142578,31.9833984375,85.83701577258543,13.933132305039583,7.440412521362305,92.33069610595705,79.927978515625,525.6432410481896,983.9930419921876,3.39153033068956,7.723453512680429,224.49415588378903,28.75662900808961,3.8873062545775774,24.2164363861084,50.065616607666016,0.040566584263331,0.0006999999750405,0.0758000016212463,0.1288131112350402,55.39109420776367,2805.139404296875,3393.810791015625,140.39800323670988,179.84095632763896,10.016724586486816
5,1,Si,2024-07-19_07,7,2024-07-19_08,8,43.26722436393258,3.499747225483388,0.0808867977304494,43.17212696629213,43.96169288389513,43.42925378466269,44.49413198312757,1,1,0,4.0,0,0.1230000033974647,128.36436731405487,22.583696365356445,158.08587646484375,7.245554528589339,200.0,4.067245864824094,0.111069827859413,3.670000076293945,4.389999866485596,71.43776026246088,300.010009765625,600.010009765625,2.056201432563608,0.0401785645885029,1.8799999952316284,2.1600000858306885,1371.0139214309438,54.40178643518661,0.2418279541699058,10.164972283262864,0.0477127478366771,10.100000381469728,10.199999809265137,59.703173183175565,0.0760692805057123,1.4083071793357824,0.4081064907767707,0.1135288551449775,9.606005668640137,14.374631390667584,0.0048829615116119,14.993743896484377,3.6534585885184825,10.618315866178891,-43.15317153930664,35.920284271240234,85.84891962696577,13.882677712393878,7.058931350708008,92.28797149658205,79.927978515625,527.447105055155,984.4736938476562,3.359701478887104,7.556859028976109,225.22659301757807,28.780451189935462,3.888240628725084,24.22864532470703,49.94964599609375,0.0405741217653399,0.0006999999750405,0.0768999978899955,0.0501590406755128,56.00146484375,2805.810791015625,3373.51611328125,143.4463983428695,180.6349108678948,10.028809547424316
5,1,Si,2024-07-19_08,8,2024-07-19_09,9,43.17212696629213,3.5171884290439914,0.0814689633380846,43.233769856629216,43.96169288389513,43.42925378466269,44.49413198312757,1,1,0,4.0,0,0.1230000033974647,128.3589523710175,21.05777168273925,158.6962432861328,7.196636896128421,200.0,4.012694827806116,0.11285997924751,3.559999942779541,4.340000152587891,71.42750240172956,300.010009765625,600.02001953125,2.0500338324628173,0.0348886551572603,1.8899999856948853,2.140000104904175,1371.0137324026264,54.405019858230766,0.2459709708469656,10.146627775367898,0.0508112902825622,10.100000381469728,10.300000190734863,59.71139511211784,0.0888383978219261,1.3897796517262688,0.4080373371307605,0.1220740377902984,9.679250717163086,14.374788963645788,0.0079348124563694,14.993133544921877,3.744189700017096,10.095291074528149,-103.57981872558594,32.166507720947266,85.81095139327547,13.9966349669863,6.860560894012451,92.31543731689452,79.927978515625,526.398616230374,985.6410522460938,3.256875737792516,6.4311692896363,168.2332763671875,28.78798494435913,3.89217209493169,24.1828670501709,50.144962310791016,0.0405609483379525,0.0006999999750405,0.0733000040054321,0.1133517778430089,54.62813186645508,2804.6357421875,3412.732421875,142.84575315139452,180.8965329868835,10.016724586486816
5,1,Si,2024-07-19_09,9,2024-07-19_10,10,43.233769856629216,3.4869587445155985,0.0806535899154519,43.02462584269663,43.96169288389513,43.42925378466269,44.49413198312757,1,1,0,4.0,0,0.1230000033974647,130.08240058552678,22.583696365356445,157.78070068359375,7.413868544495582,200.0,4.12311424544906,0.1066394725421884,3.660000085830689,4.460000038146973,72.54851326713913,300.010009765625,600.030029296875,2.067589931607433,0.0383571484771141,1.950000047683716,2.1700000762939453,1371.010263534331,54.40159606933594,0.2362447858398999,10.190422408233786,0.0324673976265021,10.100000381469728,10.300000190734863,59.70575903234347,0.0748073012085575,1.3366602845198483,0.3925760262749844,0.1220740377902984,9.234901428222656,14.36497998903848,0.0067140720784664,14.993743896484377,3.4669504356682768,9.163831385076328,-33.47880554199219,34.30280303955078,87.57388110929439,7.513623771761931,35.48081970214844,92.19336700439452,79.927978515625,537.1236821373117,985.9157104492188,3.252943571168399,9.611277070154657,398.5412292480469,28.83620691851644,3.830707351566821,26.18793296813965,49.98321533203125,0.0408574019921273,0.0006999999750405,0.0650999993085861,0.1354945402190159,58.90072250366211,2805.810791015625,3372.90576171875,140.4628698295294,167.96172595780547,10.032837867736816
6,9,Si,2024-08-01_03,3,2024-08-01_04,4,44.066997752808994,3.679643666325756,0.0835011199756897,43.89461797752809,44.00474981273408,43.47231071350164,44.53718891196653,0,0,0,6.0,1,0.1230000033974647,128.18666886064432,21.97332763671875,157.78070068359375,7.32134278642067,200.0,4.363165995507083,0.0954127196667549,3.9700000286102295,4.639999866485596,71.33779484735447,300.010009765625,600.02001953125,1.9323960599585024,0.0368497716220836,1.7999999523162842,2.059999942779541,1371.0129318589757,55.007606909316905,0.1816285350456293,10.202494459149284,0.0295259073821092,10.100000381469728,10.300000190734863,59.19886055850307,0.0738139662029119,1.2826646644384596,0.3990684303558414,0.1171910762786865,9.640186309814451,14.37478896326259,0.0030518509447574,14.993133544921877,3.91456513100857,11.180294449778362,-74.06842041015625,35.79821014404297,85.54630325374363,13.816417692212951,7.837153434753418,92.14453887939452,80.20264434814453,524.2252233544606,982.2763671875,3.393659198019352,7.910311343804477,227.2866058349609,28.658090957979955,3.948322200710052,24.1828670501709,49.93743515014648,0.0406074219232787,0.0006999999750405,0.0775000005960464,0.1174403379467916,56.61183547973633,2805.978515625,3377.17822265625,137.4564586681634,178.91887894973038,10.022767066955566
6,9,Si,2024-08-01_04,4,2024-08-01_05,5,43.89461797752809,3.660172377447228,0.0833854478314643,43.69129550561797,44.00474981273408,43.47231071350164,44.53718891196653,0,0,0,6.0,1,0.1230000033974647,128.06279020130285,21.97332763671875,157.78070068359375,7.325318755721946,200.0,4.27742532153551,0.1022221952963775,3.7799999713897705,4.579999923706055,71.28603631872048,300.010009765625,600.030029296875,1.9966923304253223,0.0331275424305135,1.870000004768372,2.0899999141693115,1371.0160724532982,55.0019403075232,0.1901274004624308,10.152540900650706,0.05258695228781,10.100000381469728,10.300000190734863,59.19969215428311,0.0780612493379146,1.297088349539205,0.3867892661561674,0.1147495955228805,9.245887756347656,14.374940092466291,0.0079348124563694,14.993133544921877,3.3554664111923063,8.87554638967173,-34.11969375610352,32.89895248413086,85.29265838114343,13.869064188610706,7.470931053161621,98.5106964111328,79.927978515625,525.4791349147259,982.551025390625,3.535306621394526,8.178956293469556,227.2408142089844,28.68577003772713,3.924281856357749,24.1950740814209,50.05645751953125,0.0405879885305039,0.0006999999750405,0.0778000056743621,0.2005743714600737,56.91701889038086,2804.8037109375,3378.551513671875,138.0020698353047,178.4758590109725,10.018738746643066
6,9,Si,2024-08-01_05,5,2024-08-01_06,6,43.69129550561797,3.6235096083803935,0.0829343594976365,43.231184269662926,44.00474981273408,43.47231071350164,44.53718891196653,0,1,1,6.0,1,0.1230000033974647,128.10233661912503,21.362957000732425,158.6962432861328,7.275326555550617,200.0,4.165154037839898,0.1021284501836043,3.799999952316284,4.420000076293945,71.37924832861884,300.0199890136719,600.010009765625,2.064038774920186,0.040943987048533,1.9299999475479128,2.200000047683716,1371.0110878653536,54.99879860305081,0.1856196985465971,10.161737551310146,0.04860999351597,10.100000381469728,10.199999809265137,59.20021559761691,0.0756479966279229,1.3456955341483368,0.3942756926040865,0.1147495955228805,9.367961883544922,14.379291329931098,0.0054933317005634,14.993743896484377,3.308625752736372,7.892053195185743,-65.03494262695312,28.22962188720703,85.33414771302718,13.918761559902991,6.891079425811768,97.39982604980467,79.83641815185547,526.2043151150349,983.3750610351562,3.507019569038041,8.137532581543002,230.21636962890625,28.737656626815937,3.9092279493636095,24.22254180908203,50.06256484985352,0.0405920821677641,0.0006999999750405,0.0746999979019165,0.1621824665269364,57.37479782104492,2805.978515625,3378.551513671875,141.39327157258722,179.962464195621,10.016724586486816
6,9,Si,2024-08-01_06,6,2024-08-01_07,7,43.231184269662926,3.57928583223534,0.0827940731373179,42.97732808988764,44.00474981273408,43.47231071350164,44.53718891196653,1,1,0,6.0,0,0.1230000033974647,126.16603597294464,21.97332763671875,157.4755096435547,7.266053986981113,200.0,4.183306039373984,0.1045664912721578,3.740000009536743,4.460000038146973,70.36323618912583,300.0199890136719,600.02001953125,2.07318769807992,0.0375904975160932,1.9299999475479128,2.200000047683716,1371.0134635001991,55.00282077251292,0.2083245701665043,10.1878979676848,0.0326197086905976,10.100000381469728,10.199999809265137,59.21107064068661,0.0803245694627524,1.3523304185380638,0.3924620779029937,0.1232947781682014,9.411908149719238,14.38867701592547,0.0079348124563694,14.993743896484377,3.054285404354578,7.502650761376561,-69.55168151855469,34.08917617797852,83.84195151566682,18.420017105565964,0.0,100.0,79.8822021484375,518.8587798285491,982.551025390625,3.55583678148879,8.10015002019062,229.02615356445312,28.70320798846712,3.86312792035214,24.23169708251953,50.00762939453125,0.040340885261975,0.0006999999750405,0.0676999986171722,0.0818270011348799,55.238502502441406,2805.978515625,3380.840576171875,144.76747190640674,188.88337838999388,10.026795387268066
6,9,Si,2024-08-01_07,7,2024-08-01_08,8,42.97732808988764,3.866934891427953,0.0899761586699901,43.32931011235955,44.00474981273408,43.47231071350164,44.53718891196653,1,1,0,6.0,0,0.1230000033974647,126.22318564797256,21.362957000732425,157.78070068359375,7.195057611108807,200.0,4.176497875740486,0.10017250226842,3.809999942779541,4.429999828338623,70.45576399875655,300.010009765625,600.010009765625,2.106473604717567,0.03979665028514,1.950000047683716,2.2100000381469727,1371.0172183544005,55.00457855048796,0.2222260473106241,10.194451023550595,0.0228964043480197,10.100000381469728,10.199999809265137,59.20436629184887,0.0825677983694035,1.3320202323805208,0.3852267848078057,0.1159703359007835,9.21292781829834,14.38445537823228,0.0030518509447574,14.993743896484377,3.2352118529718235,7.628790659624623,-53.37687301635742,113.83403778076172,83.56882425018554,18.317500809313035,0.0,97.3906707763672,79.83641815185547,517.2550201184681,984.1990356445312,3.5080230873837173,7.992476822651909,229.11770629882807,28.716691272774924,3.8851156972433234,24.24390411376953,50.065616607666016,0.0403510002426271,0.0006999999750405,0.0645999982953071,0.1941876639880289,56.91701889038086,2805.978515625,3377.330810546875,144.45823748530836,188.9734168262826,10.018738746643066
6,9,Si,2024-08-01_08,8,2024-08-01_09,9,43.32931011235955,3.550864204670488,0.0819506286959693,43.23398539325843,44.00474981273408,43.47231071350164,44.53718891196653,1,1,0,6.0,0,0.1230000033974647,127.94748764660942,21.05777168273925,157.78070068359375,7.343126916203783,200.0,4.161595820572666,0.1069056657784371,3.7699999809265137,4.420000076293945,71.36603186646957,300.010009765625,600.010009765625,2.107162644373952,0.0384899091108393,1.950000047683716,2.200000047683716,1371.0127202455303,55.01047438070941,0.2298276272746669,10.194947466024702,0.0219055492946019,10.100000381469728,10.199999809265137,59.20459035848734,0.0731033249201095,1.319028786571211,0.3936696410005026,0.1196325570344924,9.414349555969238,14.374675006494936,0.0079348124563694,14.993743896484377,2.5915441983141285,6.89536235009462,-50.63020706176758,28.321176528930664,85.5000741251148,13.84103129947836,7.910397529602051,97.39372253417967,79.8822021484375,527.3154617563414,984.7483520507812,3.4665867774400145,7.62580295726012,221.3812713623047,28.796343169973284,3.900406409818361,24.1798152923584,50.14191055297852,0.0405778800943856,0.0006999999750405,0.0790999978780746,0.1011642531267449,57.222206115722656,2805.978515625,3376.110107421875,142.5546485977827,180.49609764981085,10.026795387268066
6,9,Si,2024-08-01_09,9,2024-08-01_10,10,43.23398539325843,3.5302805626835823,0.0816552193967773,43.2034202247191,44.00474981273408,43.47231071350164,44.53718891196653,1,1,0,6.0,0,0.1230000033974647,127.88600335554644,21.362957000732425,157.78070068359375,7.308533129417474,200.0,4.171747297865951,0.1026080768197489,3.7799999713897705,4.440000057220459,71.50913074244566,300.010009765625,600.010009765625,2.103654824787369,0.034392130068857,1.9800000190734863,2.190000057220459,1371.015250513109,55.00379040546153,0.230050420764764,10.196764080476688,0.0176973897378886,10.100000381469728,10.199999809265137,59.19922977324076,0.07404989657351,1.298379471443467,0.4007196138139278,0.1245155185461044,9.675588607788086,14.379025981225109,0.0067140720784664,14.993743896484377,2.858592135366196,7.724599681171702,-76.6319808959961,26.490066528320312,85.17436389261843,13.827645810557446,7.351909160614014,95.72130584716795,79.8822021484375,525.9950177396942,985.0230712890624,3.4511214588876404,7.738494651696897,224.5857086181641,28.80394290342169,3.8491473684109385,24.24085235595703,50.05645751953125,0.0406006467803446,0.0006999999750405,0.0724999979138374,0.0816334846390781,56.30664825439453,2804.468017578125,3374.889404296875,141.99837543958645,180.7170863445235,10.020752906799316
7,3,SiO2,2024-08-05_03,3,2024-08-05_04,4,43.68900561797753,3.633369560106568,0.0831643913317055,43.76099325842696,43.87698951310861,43.34455041387617,44.40942861234105,0,0,0,,1,0.1230000033974647,125.61840327836124,21.05777168273925,157.78070068359375,7.182491664659254,200.0,4.108590499745531,0.1176695699234672,3.7200000286102295,4.460000038146973,70.29682343321163,300.010009765625,600.030029296875,2.0953712878931143,0.0381549473257924,1.9700000286102293,2.200000047683716,1371.0132735091363,54.721158385240656,0.1843673430051844,10.18839029703548,0.032038647802961,10.100000381469728,10.199999809265137,60.00633493905069,0.0897359977632276,1.2629227170341844,0.3797988901350098,0.1147495955228805,9.201940536499023,14.384428037229442,0.0,14.993743896484377,4.158371247461833,11.202364711788078,-32.53273010253906,57.252723693847656,83.82887076188774,18.346411026449083,0.0,92.13843536376952,80.24842071533203,513.8895250721099,978.2250366210938,3.558135358144132,8.145871178714087,225.3639373779297,28.56696132140725,3.944049204352243,24.2011775970459,50.05340576171875,0.0403197026031956,0.0006999999750405,0.068400003015995,0.1789111773076654,56.45924377441406,2803.460693359375,3379.772216796875,142.71922388805623,188.7571992967831,10.016724586486816
7,3,SiO2,2024-08-05_04,4,2024-08-05_05,5,43.76099325842696,3.6074572366204105,0.082435451483399,43.5520786516854,43.87698951310861,43.34455041387617,44.40942861234105,0,0,0,,1,0.1230000033974647,127.21086578850824,20.752586364746094,156.86514282226562,7.225897744026644,200.0,4.107730228790034,0.1290413962923332,3.640000104904175,4.429999828338623,71.47508796385407,300.010009765625,600.010009765625,2.097406802193583,0.0385199638036805,1.950000047683716,2.200000047683716,1371.0145329462773,54.71118021202263,0.2087905061268867,10.139359564938324,0.0488619053228732,10.100000381469728,10.199999809265137,60.0033567597178,0.0768548552078739,1.243622780573581,0.3820578043100467,0.1196325570344924,9.21170711517334,14.37480193561601,0.0042725913226604,14.993133544921877,3.3000593813962853,8.404651460714058,-36.62221145629883,33.814510345458984,85.42209004680304,13.926649024786055,7.531968116760254,98.4374542236328,79.927978515625,524.254047103614,980.3536987304688,3.3814358174144616,8.016903044859314,227.8817138671875,28.684085745498663,3.936789829217828,24.1920223236084,50.12970352172852,0.0405907295993134,0.0006999999750405,0.0715999975800514,0.0656989167791753,55.69628143310547,2804.300048828125,3381.603515625,141.50740330887504,180.56224397058347,10.024781227111816
7,3,SiO2,2024-08-05_05,5,2024-08-05_06,6,43.5520786516854,3.558108930810905,0.0816977981525851,43.370857303370784,43.87698951310861,43.34455041387617,44.40942861234105,0,0,0,,1,0.1230000033974647,127.25654487562868,21.05777168273925,157.78070068359375,7.293547890183762,200.0,4.13453342145797,0.1221100379743289,3.7200000286102295,4.449999809265137,71.30721910783409,300.010009765625,600.02001953125,2.0968154833652366,0.0370104332718854,1.950000047683716,2.200000047683716,1371.0146868969794,54.709332086946695,0.228315440491125,10.191561298881416,0.0278006435172227,10.100000381469728,10.199999809265137,60.00505051349984,0.0822077588613594,1.244535986241154,0.3881364617347003,0.1074251532554626,9.380168914794922,14.374798364295964,0.0054933317005634,14.993133544921877,3.2635631273444115,7.40187553345067,-60.701316833496094,27.8328800201416,85.25021347134599,13.893229008035062,7.037568092346191,96.16382598876952,79.8822021484375,524.7326620305763,981.7957153320312,3.4562141530888058,7.915831616183387,228.61415100097656,28.725446904296685,3.907454101901983,24.24695587158203,50.05035400390625,0.0406052659886746,0.0006999999750405,0.0753000006079673,0.1171583687300897,57.83257675170898,2808.496337890625,3377.4833984375,138.44835267101695,179.37319459967478,10.024781227111816
8,3,SiO2,2024-08-07_03,3,2024-08-07_04,4,43.71542808988764,3.625126988151548,0.0829255744836254,43.83268764044944,43.78535622906367,43.252917129831225,44.31779532829611,0,0,0,10.0,1,0.1230000033974647,126.12842852104932,21.05777168273925,157.78070068359375,7.194875682799034,200.0,4.087534890961401,0.1174437622406275,3.5899999141693115,4.420000076293945,70.35979385822932,300.010009765625,600.02001953125,2.0919314348169933,0.0388834304201643,1.9600000381469729,2.200000047683716,1371.017309296413,54.91218888217424,0.2214946480219277,10.200909454942543,0.0094955146632596,10.199999809265137,10.300000190734863,59.20379020663158,0.0852525004257209,1.2604692270600883,0.3905502466131518,0.1049836724996566,9.494918823242188,14.384047289288011,0.0,14.993743896484377,4.261736802725158,13.384767372504754,-62.105167388916016,40.92531967163086,84.34317728056556,18.47578644464011,0.0,92.6786117553711,80.29419708251953,515.8331744909431,982.7570190429688,3.338001304788977,7.994083952282847,224.95193481445312,28.552838903257094,3.97057430706786,24.25916290283203,50.12970352172852,0.0403354454266976,0.0006999999750405,0.064300000667572,0.0963766746914263,54.62813186645508,2806.482177734375,3377.17822265625,139.2149297715503,188.1243135543893,10.022767066955566
8,3,SiO2,2024-08-07_04,4,2024-08-07_05,5,43.83268764044944,3.6163890230267297,0.0825043869700901,43.646195505617975,43.78535622906367,43.252917129831225,44.31779532829611,0,0,0,10.0,1,0.1230000033974647,127.84698933647492,20.752586364746094,157.78070068359375,7.31729905356168,200.0,4.119775186952239,0.1114104928603278,3.619999885559082,4.460000038146973,71.49510326617276,300.010009765625,600.02001953125,2.096045547020704,0.0387729005973056,1.9700000286102293,2.190000057220459,1371.012377636448,54.90659048434658,0.2352089116497848,10.19541099749237,0.0267436227333574,10.100000381469728,10.300000190734863,59.19950724543885,0.0828839477529007,1.2584382140401476,0.3941341594748431,0.1098666340112686,9.541306495666504,14.374542139914585,0.0036622211337089,14.993133544921877,3.4783863582205763,12.146476761491048,-54.35346603393555,38.88058090209961,85.81890762391956,13.952500956186112,7.599108695983887,92.41920471191406,80.111083984375,524.4290232656917,983.1004028320312,3.400891720359468,7.979038272659927,228.75149536132807,28.68282435364014,3.93268022130991,24.22254180908203,50.11139297485352,0.0406064055108201,0.0006999999750405,0.0759999975562095,0.1153725617329157,55.84887313842773,2810.1748046875,3374.889404296875,137.15528693730954,178.72580112912283,10.030823707580566
8,3,SiO2,2024-08-07_05,5,2024-08-07_06,6,43.646195505617975,3.586914638810899,0.0821816104991145,43.50728202247191,43.78535622906367,43.252917129831225,44.31779532829611,0,0,0,10.0,1,0.1230000033974647,127.89840191476044,21.362957000732425,158.08587646484375,7.291995688673989,200.0,4.0217832141485,0.1255656005494714,3.5199999809265137,4.420000076293945,71.23899928720459,300.010009765625,600.010009765625,2.09468429001214,0.0382635281563233,1.950000047683716,2.190000057220459,1371.0159492927369,54.90301805149051,0.2075515512918975,10.167138894741669,0.0469777886164783,10.100000381469728,10.199999809265137,59.20699108935592,0.0787520366123455,1.3012908253145283,0.404392089630528,0.1184118166565895,9.64140796661377,14.374589327695253,0.0030518509447574,14.993743896484377,3.934406393008266,10.357690711003848,-57.43583297729492,34.57747268676758,85.73207607495443,13.90900893831412,7.483138561248779,92.31848907470705,79.927978515625,526.0162231097561,985.8470458984376,3.343482701608657,7.764804518574396,228.2479248046875,28.7271171137484,3.908666746550221,24.25305938720703,49.94964599609375,0.0406043728854258,0.0006999999750405,0.0710000023245811,0.0839329488394184,56.91701889038086,2806.146484375,3378.09375,140.54152575657253,180.08885644083858,10.018738746643066
8,3,SiO2,2024-08-07_06,6,2024-08-07_07,7,43.50728202247191,3.573204059465712,0.0821288734520377,43.40571685393258,43.78535622906367,43.252917129831225,44.31779532829611,0,0,0,10.0,1,0.1230000033974647,127.8824265645157,21.362957000732425,157.4755096435547,7.30383548217304,200.0,4.151873075660922,0.1085009193380618,3.630000114440918,4.409999847412109,71.21540682763607,300.010009765625,600.010009765625,2.0891404351700404,0.0379055186795364,1.9600000381469729,2.2300000190734863,1371.015338213739,54.8928522496626,0.1918795974582869,10.179328336145726,0.0416266886667144,10.100000381469728,10.300000190734863,59.20431317713109,0.0678973321103439,1.22108185827475,0.3880463346025192,0.1135288551449775,9.410687446594238,14.374485831881012,0.0030518509447574,14.993133544921877,3.7526202375185176,9.954472049643831,-75.3501968383789,35.09628677368164,85.52349412845228,13.840960667964254,7.82799768447876,92.22998809814452,79.927978515625,527.0462324761786,983.6497192382812,3.4501287791182507,7.790706470421942,222.15948486328125,28.772821561539534,3.8927192840629896,24.23780059814453,49.93743515014648,0.0405697777910497,0.0006999999750405,0.0775000005960464,0.163122653079782,56.30664825439453,2805.978515625,3380.535400390625,141.1448833336566,179.53617250580947,10.026795387268066
8,3,SiO2,2024-08-07_07,7,2024-08-07_08,8,43.40571685393258,3.5638474003537484,0.0821054842233497,43.69908426966292,43.78535622906367,43.252917129831225,44.31779532829611,0,0,0,10.0,1,0.1230000033974647,127.98396694079932,21.362957000732425,157.78070068359375,7.231164510964369,200.0,4.176062848563555,0.1144546597631193,3.7300000190734863,4.449999809265137,71.39792366720133,300.010009765625,600.02001953125,2.098040630695486,0.0392579392549003,1.9600000381469729,2.200000047683716,1371.01379823244,54.90896472237541,0.2149779360164222,10.200461922643806,0.0117669641875627,10.100000381469728,10.300000190734863,59.207979043618586,0.0807196487834781,1.2704447488669472,0.3856483736331376,0.1098666340112686,9.260536193847656,14.379103855710207,0.0036622211337089,14.993133544921877,3.713969087865128,9.166149399851358,-44.46546936035156,35.09628677368164,85.44235507368087,13.871851971338412,7.38547945022583,93.08450317382812,79.8822021484375,527.005277745311,984.5423583984376,3.47377921615395,7.712620822579042,226.78305053710932,28.81561423435081,3.8578411021504935,24.23474884033203,49.96795654296875,0.0406107205272599,0.0006999999750405,0.0701000019907951,0.1848410044051362,56.91701889038086,2806.146484375,3377.17822265625,141.4284158111748,180.4542856487348,10.016724586486816
8,3,SiO2,2024-08-07_08,8,2024-08-07_09,9,43.69908426966292,3.784513695938984,0.0866039588515198,43.47381460674157,43.78535622906367,43.252917129831225,44.31779532829611,0,0,0,10.0,1,0.1230000033974647,112.85323031299896,20.752586364746094,158.08587646484375,10.34882920260506,200.0,4.475887881108648,0.1433879555652597,4.0,4.820000171661377,61.26998691617073,300.010009765625,600.010009765625,1.9135984358918088,0.0410374829396929,1.7799999713897705,2.039999961853028,1371.015824036679,54.950195599970016,0.1019207496769213,10.158096528830397,0.0493462674421442,10.100000381469728,10.199999809265137,59.27084747772018,0.0864306711684334,1.1298985166958444,0.4666439892513611,0.1098666340112686,9.377727508544922,13.062567066507125,-0.0036622211337089,14.994354248046877,2.9501013717253484,13.753509891961285,-44.95376586914063,34.08917617797852,73.97297862897175,33.79174383622071,0.0,93.24930572509766,80.33997344970703,445.6096678653006,974.1050415039062,2.695671688864369,9.597352174377628,389.3856506347656,28.256035934308983,3.836755262058343,25.479904174804688,50.04119873046875,0.0352819814004314,0.0006000000284984,0.0654999986290931,0.0672441733707194,53.86516952514648,2806.482177734375,3374.889404296875,115.65953408024885,161.43409513478252,10.024781227111816
8,3,SiO2,2024-08-07_09,9,2024-08-07_10,10,43.47381460674157,3.750282804474113,0.0862653263441149,43.21752471910112,43.78535622906367,43.252917129831225,44.31779532829611,0,1,1,10.0,1,0.1230000033974647,127.69448292674066,21.97332763671875,157.78070068359375,7.436709794915354,200.0,4.503012944354881,0.1214543781480748,4.070000171661377,4.809999942779541,71.4246826627741,300.010009765625,600.010009765625,1.9114694984988967,0.0376525835797865,1.7599999904632568,2.0199999809265137,1371.0129358429124,54.99306848118207,0.1568508443996061,10.156808435953623,0.0495416391627342,10.100000381469728,10.199999809265137,59.28311754815459,0.0695460249873098,1.248743700906772,0.3717153074223918,0.0,8.740501403808594,14.378850906956494,0.0024414807558059,15.000457763671877,3.450688196418466,14.910691121521712,-38.91109848022461,96.62159729003906,86.85830011150387,14.16564048745072,7.632678985595703,93.3774871826172,80.29419708251953,525.0793327524276,975.2037353515624,3.18361362136524,7.441628965343649,199.6826019287109,28.689251996085588,3.888792689709389,24.45753288269043,49.934383392333984,0.0405658961140888,0.0006000000284984,0.0766000002622604,0.0651550422240684,53.55998229980469,2807.4892578125,3379.9248046875,142.3021232462887,181.64555999688545,10.115421295166016
9,3,Chuck,2024-08-21_03,3,2024-08-21_04,4,44.198883146067416,3.7333308124014857,0.0844666323369227,43.97901235955056,44.28895805243445,43.75651895320201,44.82139715166689,0,0,0,6.0,1,0.1230000033974647,126.69854140443267,21.05777168273925,156.55995178222656,7.233761553817847,200.0,4.133776970946782,0.1230306625769834,3.640000104904175,4.440000057220459,71.4395315200056,300.010009765625,600.030029296875,2.101139835568026,0.0398919712260581,1.950000047683716,2.2300000190734863,1371.0099174795662,55.014725391907376,0.1781225317289062,10.167128775932138,0.0480195087333928,10.100000381469728,10.300000190734863,59.90280400039381,0.0825713996770774,1.340795273694611,0.3849657669703566,0.1184118166565895,9.11771011352539,14.379312938229582,0.0054933317005634,14.993133544921877,3.706682638261176,12.011461994463549,-44.61806106567383,39.73509979248047,86.02044576637846,13.969511328883158,7.745597839355469,92.7762680053711,79.927978515625,525.5903979646374,982.001708984375,3.439537565138372,8.012221544251453,221.3812713623047,28.67458692951402,3.913372458090933,24.25916290283203,50.077823638916016,0.0406185454732433,0.0006999999750405,0.0720999985933303,0.1477035679937657,55.84887313842773,2805.978515625,3375.499755859375,136.4930104725453,178.9594103425191,10.024781227111816
9,3,Chuck,2024-08-21_04,4,2024-08-21_05,5,43.97901235955056,3.6845254736354094,0.0837791772928541,43.78194831460674,44.28895805243445,43.75651895320201,44.82139715166689,0,0,0,6.0,1,0.1230000033974647,126.67879756497368,21.362957000732425,156.86514282226562,7.288462732426217,200.0,4.129131253824804,0.1296995921463957,3.490000009536743,4.440000057220459,71.38640458956567,300.0,600.02001953125,2.1102864896891225,0.0400571521503096,1.919999957084656,2.220000028610229,1371.0152458148611,55.00733189045171,0.1730054031421631,10.1850276348845,0.0394581941108675,10.100000381469728,10.300000190734863,59.90283495749652,0.0816129664303305,1.307071095703196,0.3961957223518508,0.1196325570344924,9.519333839416504,14.379242618511432,0.0079348124563694,14.993743896484377,4.2047003392297695,10.544730354123953,-43.9771728515625,37.11050796508789,85.81951531215134,13.878352770086916,7.794427394866943,92.52296447753906,79.8822021484375,526.2313501589547,982.0703735351562,3.379685177352424,7.687087971288843,214.5146026611328,28.732705606330125,3.89820722109145,24.24695587158203,50.09918594360352,0.0405937149546979,0.0006999999750405,0.0687000006437301,0.1633577023621921,57.222206115722656,2803.460693359375,3368.327880859375,136.0431587154336,178.69354758923456,10.016724586486816
9,3,Chuck,2024-08-21_05,5,2024-08-21_06,6,43.78194831460674,3.6411057775986007,0.0831645442417152,43.35196179775281,44.28895805243445,43.75651895320201,44.82139715166689,0,1,1,6.0,1,0.1230000033974647,126.6323522296278,20.752586364746094,156.86514282226562,7.277298213628844,200.0,4.116515730460044,0.1344122421651039,3.7200000286102295,4.460000038146973,71.50975646435278,300.010009765625,600.02001953125,2.113006763449438,0.0394931971320266,1.950000047683716,2.240000009536743,1371.017216990924,55.01176817183574,0.189939997268982,10.185304888515509,0.036693043726573,10.100000381469728,10.300000190734863,59.90378996683945,0.0853585710569885,1.3580582550280966,0.3992711239223421,0.1232947781682014,9.504684448242188,14.379264992780556,0.0122074037790298,14.993743896484377,3.761138344574914,9.61694951587731,-70.28412628173828,30.94576835632324,85.70443348391,13.898002058893487,7.82799768447876,92.36731719970705,79.927978515625,528.2881764137517,982.7570190429688,3.496400148509666,7.646688119069166,213.3701629638672,28.778539759835123,3.877326770611356,24.27136993408203,50.071720123291016,0.0406182682441773,0.0006999999750405,0.0759000033140182,0.080386093055034,55.238502502441406,2805.642822265625,3375.34716796875,139.3863363802727,179.06970085188888,10.026795387268066
9,3,Chuck,2024-08-21_06,6,2024-08-21_07,7,43.35196179775281,3.586823470879388,0.0827372815932245,43.514860674157305,44.28895805243445,43.75651895320201,44.82139715166689,1,1,0,6.0,0,0.1230000033974647,124.94053812645797,20.14221572875977,156.86514282226562,7.172277138639624,200.0,4.2057913932892825,0.1134625870117343,3.7899999618530273,4.539999961853027,70.2216552781673,300.010009765625,600.0499877929688,2.118984222122942,0.0378289820192999,1.9800000190734863,2.220000028610229,1371.0109433555256,55.00770170143549,0.2045761230330431,10.190418299506693,0.0294381203579679,10.100000381469728,10.199999809265137,59.902668913036784,0.087973315989592,1.3605340324735338,0.3903906059321412,0.1208532974123954,9.327676773071287,14.388969297495402,0.0097659230232238,14.993133544921877,3.765380730406308,8.803960944788274,-50.38605880737305,31.250953674316406,84.03741287134177,18.3701400649724,0.0,92.42835998535156,79.83641815185547,518.5217301604096,981.9330444335938,3.415981737554543,7.657618963694981,213.7363739013672,28.7360989557316,3.8670362432095216,24.25305938720703,49.93743515014648,0.0403746509398367,0.0006999999750405,0.064699999988079,0.1943264690003588,57.83257675170898,2805.978515625,3368.327880859375,139.18548471123216,187.43095675870475,10.016724586486816
9,3,Chuck,2024-08-21_07,7,2024-08-21_08,8,43.514860674157305,3.590227219088776,0.0825057730501007,43.43098426966292,44.28895805243445,43.75651895320201,44.82139715166689,1,1,0,6.0,0,0.1230000033974647,126.57048785267828,20.752586364746094,156.55995178222656,7.216303143330097,200.0,4.204953792208297,0.1142461555414711,3.7300000190734863,4.519999980926514,71.40679900953977,300.0,600.02001953125,2.112507684834563,0.0368179664743059,1.9700000286102293,2.220000028610229,1371.0172477905498,55.01044365277058,0.2119072751764356,10.19340711747579,0.0248191778867337,10.100000381469728,10.199999809265137,59.899877516487386,0.0788592723681162,1.3312128745432592,0.390677820832189,0.1220740377902984,9.293496131896973,14.379330242192689,0.0109866634011268,14.993743896484377,3.493814628798508,8.116406072472326,-33.38724899291992,33.204139709472656,85.53443708202389,13.909217699354594,6.799523830413818,94.02142333984376,79.83641815185547,527.6118114704125,982.8943481445312,3.449564666945765,7.578572986192772,214.4688262939453,28.82850514175124,3.8416809275348487,24.25916290283203,50.083927154541016,0.0405821006953686,0.0006999999750405,0.0780999958515167,0.048043617112212,54.93331527709961,2804.6357421875,3372.447998046875,140.16113614450248,179.80233893152862,10.022767066955566
10,3,SiO2,2024-08-22_03,3,2024-08-22_04,4,44.15319438202248,3.6983499981674735,0.0837617764678268,43.86219509404494,44.16679363295881,43.634354533726366,44.69923273219125,0,0,0,,1,0.1230000033974647,127.08462212420024,20.14221572875977,157.4755096435547,7.23480123272467,200.0,4.138379055693264,0.1265445415520489,3.7300000190734863,4.480000019073486,71.36934972296315,300.010009765625,600.010009765625,2.110200288372892,0.0375300236549414,1.9700000286102293,2.2100000381469727,1371.0135560116526,54.70887560263988,0.187957967098953,10.157349822186909,0.0494641981478753,10.100000381469728,10.199999809265137,59.40372955251732,0.0845763403223974,1.378293010013864,0.3900493272768074,0.1269569993019104,9.195837020874023,14.379014705304051,0.0036622211337089,14.993133544921877,4.2507158155984985,14.3296703329643,-47.02902221679688,39.73509979248047,86.25759224619814,14.023854029121727,7.818841934204102,92.6694564819336,80.29419708251953,524.1664533712096,980.4910278320312,3.2584598480863,7.712885560377161,222.5257110595703,28.6317583375058,3.949443146625769,24.21949005126953,50.151065826416016,0.0406227422628454,0.0006000000284984,0.0731999948620796,0.0974805399890306,55.39109420776367,2810.1748046875,3370.3115234375,137.03542607696886,179.30764780898005,10.016724586486816
